Region,Date,Frequency,Estimated Unemployment Rate (%),Estimated Employed,Estimated Labour Participation Rate (%)
Andhra Pradesh,31-01-2016,M,17.91,20626291.0,62.67
Andhra Pradesh,29-02-2016,M,9.98,19334918.0,53.5
Andhra Pradesh,31-03-2016,M,10.72,19646970.0,54.73
Andhra Pradesh,30-04-2016,M,5.51,18929583.0,49.76
Andhra Pradesh,31-05-2016,M,6.29,21163390.0,56.02
Andhra Pradesh,30-06-2016,M,4.51,18431598.0,47.81
Andhra Pradesh,31-07-2016,M,4.87,19486726.0,50.67
Andhra Pradesh,31-08-2016,M,4.03,18826519.0,48.45
Andhra Pradesh,30-09-2016,M,7.6,19863483.0,53.02
Andhra Pradesh,31-10-2016,M,10.06,19151488.0,52.44
Andhra Pradesh,30-11-2016,M,5.23,19046358.0,49.43
Andhra Pradesh,31-12-2016,M,4.64,18235985.0,46.97
Andhra Pradesh,31-01-2017,M,5.85,19480036.0,50.74
Andhra Pradesh,28-02-2017,M,4.75,18231391.0,46.88
Andhra Pradesh,31-03-2017,M,3.06,18418217.0,46.47
Andhra Pradesh,30-04-2017,M,3.52,18173679.0,46.01
Andhra Pradesh,31-05-2017,M,2.3,17992099.0,44.91
Andhra Pradesh,30-06-2017,M,3.65,17724207.0,44.8
Andhra Pradesh,31-07-2017,M,2.66,17953658.0,44.85
Andhra Pradesh,31-08-2017,M,3.43,17774825.0,44.7
Andhra Pradesh,30-09-2017,M,6.59,18595636.0,48.28
Andhra Pradesh,31-10-2017,M,3.51,17233209.0,43.25
Andhra Pradesh,30-11-2017,M,3.32,18182263.0,45.48
Andhra Pradesh,31-12-2017,M,4.01,18593687.0,46.77
Andhra Pradesh,31-01-2018,M,5.79,17947085.0,45.93
Andhra Pradesh,28-02-2018,M,3.97,17568645.0,44.06
Andhra Pradesh,31-03-2018,M,4.22,17247729.0,43.3
Andhra Pradesh,30-04-2018,M,3.65,17084469.0,42.58
Andhra Pradesh,31-05-2018,M,4.01,17078661.0,42.66
Andhra Pradesh,30-06-2018,M,4.51,16524370.0,41.44
Andhra Pradesh,31-07-2018,M,5.25,17438268.0,44.01
Andhra Pradesh,31-08-2018,M,4.33,17247277.0,43.05
Andhra Pradesh,30-09-2018,M,4.88,17200185.0,43.11
Andhra Pradesh,31-10-2018,M,5.56,15617337.0,39.37
Andhra Pradesh,30-11-2018,M,5.24,16856909.0,42.29
Andhra Pradesh,31-12-2018,M,4.2,17094902.0,42.37
Andhra Pradesh,31-01-2019,M,5.21,17525876.0,43.83
Andhra Pradesh,28-02-2019,M,5.76,15705618.0,39.46
Andhra Pradesh,31-03-2019,M,5.17,16300531.0,40.64
Andhra Pradesh,30-04-2019,M,4.02,17501776.0,43.05
Andhra Pradesh,31-05-2019,M,4.36,16787801.0,41.38
Andhra Pradesh,30-06-2019,M,3.27,16580510.0,40.35
Andhra Pradesh,31-07-2019,M,4.29,16744148.0,41.12
Andhra Pradesh,31-08-2019,M,3.68,17028869.0,41.5
Andhra Pradesh,30-09-2019,M,5.41,16990761.0,42.11
Andhra Pradesh,31-10-2019,M,3.86,16791781.0,40.88
Andhra Pradesh,30-11-2019,M,5.14,16066455.0,39.59
Andhra Pradesh,31-12-2019,M,5.39,17442360.0,43.03
Andhra Pradesh,31-01-2020,M,5.48,16635535.0,41.02
Andhra Pradesh,29-02-2020,M,5.83,16545652.0,40.9
Andhra Pradesh,31-03-2020,M,5.79,15881197.0,39.18
Andhra Pradesh,30-04-2020,M,20.51,11336911.0,33.1
Andhra Pradesh,31-05-2020,M,17.43,12988845.0,36.46
Andhra Pradesh,30-06-2020,M,3.31,19805400.0,47.41
Andhra Pradesh,31-07-2020,M,8.34,15431615.0,38.91
Andhra Pradesh,31-08-2020,M,6.96,15251776.0,37.83
Andhra Pradesh,30-09-2020,M,6.4,15220312.0,37.47
Andhra Pradesh,31-10-2020,M,6.64,15140379.0,37.32
Andhra Pradesh,30-11-2020,M,6.02,15478231.0,37.84
Andhra Pradesh,31-12-2020,M,6.71,15854431.0,39.0
Andhra Pradesh,31-01-2021,M,4.48,16516412.0,39.62
Andhra Pradesh,28-02-2021,M,3.74,16736552.0,39.78
Andhra Pradesh,31-03-2021,M,5.88,15752408.0,38.24
Andhra Pradesh,30-04-2021,M,4.91,15834266.0,37.99
Andhra Pradesh,31-05-2021,M,12.83,15092065.0,39.44
Andhra Pradesh,30-06-2021,M,7.43,15559239.0,38.24
Andhra Pradesh,31-07-2021,M,8.68,15485255.0,38.52
Andhra Pradesh,31-08-2021,M,6.49,16159788.0,39.2
Assam,31-01-2016,M,5.89,11359949.0,51.38
Assam,29-02-2016,M,12.68,11099822.0,54.01
Assam,31-03-2016,M,4.31,10185318.0,45.13
Assam,30-04-2016,M,0.65,10034857.0,42.74
Assam,31-05-2016,M,3.78,10742464.0,47.15
Assam,30-06-2016,M,10.23,10091196.0,47.38
Assam,31-07-2016,M,13.02,9405383.0,45.49
Assam,31-08-2016,M,8.33,10324130.0,47.28
Assam,30-09-2016,M,8.28,10348445.0,47.27
Assam,31-10-2016,M,7.58,9638230.0,43.61
Assam,30-11-2016,M,10.43,9526435.0,44.38
Assam,31-12-2016,M,3.88,10967264.0,47.52
Assam,31-01-2017,M,8.0,10796302.0,48.78
Assam,28-02-2017,M,6.79,9690200.0,43.13
Assam,31-03-2017,M,7.11,9788608.0,43.63
Assam,30-04-2017,M,2.0,10404676.0,43.87
Assam,31-05-2017,M,12.79,11040428.0,52.21
Assam,30-06-2017,M,10.88,10161665.0,46.93
Assam,31-07-2017,M,8.61,10097422.0,45.39
Assam,31-08-2017,M,4.8,10599812.0,45.65
Assam,30-09-2017,M,8.69,11506550.0,51.56
Assam,31-10-2017,M,10.0,10405814.0,47.21
Assam,30-11-2017,M,10.3,10249424.0,46.57
Assam,31-12-2017,M,7.03,10024090.0,43.85
Assam,31-01-2018,M,7.42,11046486.0,48.43
Assam,28-02-2018,M,9.76,10041204.0,45.08
Assam,31-03-2018,M,5.85,10509903.0,45.14
Assam,30-04-2018,M,3.58,11071967.0,46.34
Assam,31-05-2018,M,6.29,12034894.0,51.72
Assam,30-06-2018,M,8.57,10215989.0,44.91
Assam,31-07-2018,M,7.85,10502434.0,45.72
Assam,31-08-2018,M,3.9,11098521.0,46.23
Assam,30-09-2018,M,11.19,11507942.0,51.77
Assam,31-10-2018,M,5.33,10063961.0,42.39
Assam,30-11-2018,M,8.18,10898176.0,47.23
Assam,31-12-2018,M,6.11,11162155.0,47.22
Assam,31-01-2019,M,5.11,12518130.0,52.28
Assam,28-02-2019,M,5.36,10314086.0,43.12
Assam,31-03-2019,M,6.78,11068934.0,46.88
Assam,30-04-2019,M,5.0,11349197.0,47.07
Assam,31-05-2019,M,4.75,13421041.0,55.41
Assam,30-06-2019,M,5.87,10570564.0,44.07
Assam,31-07-2019,M,4.1,11651371.0,47.59
Assam,31-08-2019,M,6.49,10887620.0,45.51
Assam,30-09-2019,M,5.07,13044829.0,53.61
Assam,31-10-2019,M,5.76,9991084.0,41.27
Assam,30-11-2019,M,4.91,11333409.0,46.31
Assam,31-12-2019,M,0.88,10209749.0,39.95
Assam,31-01-2020,M,4.66,13051904.0,52.98
Assam,29-02-2020,M,4.41,10088268.0,40.77
Assam,31-03-2020,M,4.77,11542888.0,46.73
Assam,30-04-2020,M,11.06,6830817.0,29.55
Assam,31-05-2020,M,9.55,11367897.0,48.26
Assam,30-06-2020,M,0.6,9095944.0,35.07
Assam,31-07-2020,M,3.77,10286757.0,40.88
Assam,31-08-2020,M,5.53,9781310.0,39.52
Assam,30-09-2020,M,1.19,14107641.0,54.38
Assam,31-10-2020,M,3.02,11949329.0,46.84
Assam,30-11-2020,M,3.98,10901371.0,43.07
Assam,31-12-2020,M,7.64,10482404.0,42.97
Assam,31-01-2021,M,1.53,13177962.0,50.57
Assam,28-02-2021,M,1.65,11283161.0,43.27
Assam,31-03-2021,M,1.06,11122329.0,42.31
Assam,30-04-2021,M,0.19,10349575.0,38.95
Assam,31-05-2021,M,0.05,15248170.0,57.19
Assam,30-06-2021,M,0.62,10234141.0,38.53
Assam,31-07-2021,M,1.9,11247012.0,42.81
Assam,31-08-2021,M,6.65,10228186.0,40.83
Bihar,31-01-2016,M,4.36,28057185.0,41.53
Bihar,29-02-2016,M,6.71,30498497.0,46.19
Bihar,31-03-2016,M,3.46,27221171.0,39.75
Bihar,30-04-2016,M,6.38,29658522.0,44.57
Bihar,31-05-2016,M,14.02,28478123.0,46.5
Bihar,30-06-2016,M,9.85,30522107.0,47.43
Bihar,31-07-2016,M,6.18,27690621.0,41.26
Bihar,31-08-2016,M,13.0,29464621.0,47.24
Bihar,30-09-2016,M,15.07,27765395.0,45.5
Bihar,31-10-2016,M,6.96,28984634.0,43.27
Bihar,30-11-2016,M,6.85,28112295.0,41.82
Bihar,31-12-2016,M,4.63,29200982.0,42.34
Bihar,31-01-2017,M,5.52,27676967.0,40.42
Bihar,28-02-2017,M,3.96,29083045.0,41.7
Bihar,31-03-2017,M,2.86,27673248.0,39.15
Bihar,30-04-2017,M,1.57,28233171.0,39.33
Bihar,31-05-2017,M,2.53,29318241.0,41.16
Bihar,30-06-2017,M,1.94,29629790.0,41.26
Bihar,31-07-2017,M,1.97,27760196.0,38.58
Bihar,31-08-2017,M,3.57,27711437.0,39.06
Bihar,30-09-2017,M,5.1,28123701.0,40.2
Bihar,31-10-2017,M,5.04,28631228.0,40.81
Bihar,30-11-2017,M,4.91,28158520.0,40.0
Bihar,31-12-2017,M,5.31,28012830.0,39.87
Bihar,31-01-2018,M,4.07,29478932.0,41.33
Bihar,28-02-2018,M,7.05,28747971.0,41.51
Bihar,31-03-2018,M,10.21,27605523.0,41.18
Bihar,30-04-2018,M,7.97,27392078.0,39.78
Bihar,31-05-2018,M,5.07,28900697.0,40.6
Bihar,30-06-2018,M,7.6,28041995.0,40.39
Bihar,31-07-2018,M,9.26,26680623.0,39.04
Bihar,31-08-2018,M,9.27,26215273.0,38.28
Bihar,30-09-2018,M,5.41,28043216.0,39.2
Bihar,31-10-2018,M,9.56,26666955.0,38.9
Bihar,30-11-2018,M,11.23,25928392.0,38.45
Bihar,31-12-2018,M,8.14,25722354.0,36.78
Bihar,31-01-2019,M,8.69,27289779.0,39.17
Bihar,28-02-2019,M,11.47,26749981.0,39.53
Bihar,31-03-2019,M,11.29,26382051.0,38.82
Bihar,30-04-2019,M,12.19,25018247.0,37.11
Bihar,31-05-2019,M,10.58,27351666.0,39.76
Bihar,30-06-2019,M,10.58,27346572.0,39.66
Bihar,31-07-2019,M,13.8,26308621.0,39.5
Bihar,31-08-2019,M,11.84,25254973.0,36.99
Bihar,30-09-2019,M,10.1,26983170.0,38.68
Bihar,31-10-2019,M,12.66,27226568.0,40.08
Bihar,30-11-2019,M,13.07,25527075.0,37.68
Bihar,31-12-2019,M,10.73,25892391.0,37.13
Bihar,31-01-2020,M,10.61,26397671.0,37.72
Bihar,29-02-2020,M,10.29,26281655.0,37.35
Bihar,31-03-2020,M,15.43,25717519.0,38.69
Bihar,30-04-2020,M,46.64,16046236.0,38.17
Bihar,31-05-2020,M,45.96,16280203.0,38.16
Bihar,30-06-2020,M,17.82,23963933.0,36.86
Bihar,31-07-2020,M,12.79,24989370.0,36.14
Bihar,31-08-2020,M,13.44,23795534.0,34.59
Bihar,30-09-2020,M,11.91,26902907.0,38.35
Bihar,31-10-2020,M,9.82,25693252.0,35.7
Bihar,30-11-2020,M,9.98,26021204.0,36.14
Bihar,31-12-2020,M,12.65,24393328.0,34.84
Bihar,31-01-2021,M,10.5,28016910.0,38.97
Bihar,28-02-2021,M,11.47,25685968.0,36.05
Bihar,31-03-2021,M,14.6,25734604.0,37.36
Bihar,30-04-2021,M,11.54,24727431.0,34.58
Bihar,31-05-2021,M,13.83,27342817.0,39.17
Bihar,30-06-2021,M,10.5,25380747.0,34.94
Bihar,31-07-2021,M,13.02,25373093.0,35.86
Bihar,31-08-2021,M,13.61,23991739.0,34.06
Chhattisgarh,31-01-2016,M,2.38,8062186.0,41.83
Chhattisgarh,29-02-2016,M,4.9,8160104.0,43.37
Chhattisgarh,31-03-2016,M,3.07,8964452.0,46.64
Chhattisgarh,30-04-2016,M,3.09,8310606.0,43.15
Chhattisgarh,31-05-2016,M,5.41,8584637.0,45.56
Chhattisgarh,30-06-2016,M,4.6,8525708.0,44.77
Chhattisgarh,31-07-2016,M,4.53,9384490.0,49.13
Chhattisgarh,31-08-2016,M,3.3,8555054.0,44.12
Chhattisgarh,30-09-2016,M,7.9,9389548.0,50.73
Chhattisgarh,31-10-2016,M,3.81,10395187.0,53.65
Chhattisgarh,30-11-2016,M,4.52,9938956.0,51.56
Chhattisgarh,31-12-2016,M,4.84,8514136.0,44.22
Chhattisgarh,31-01-2017,M,4.13,8588739.0,44.18
Chhattisgarh,28-02-2017,M,2.8,9516327.0,48.18
Chhattisgarh,31-03-2017,M,3.06,9830840.0,49.79
Chhattisgarh,30-04-2017,M,4.51,8828474.0,45.29
Chhattisgarh,31-05-2017,M,4.5,8703496.0,44.55
Chhattisgarh,30-06-2017,M,2.04,8708894.0,43.36
Chhattisgarh,31-07-2017,M,1.24,9730235.0,47.94
Chhattisgarh,31-08-2017,M,4.0,8863490.0,44.83
Chhattisgarh,30-09-2017,M,4.75,8759506.0,44.55
Chhattisgarh,31-10-2017,M,3.02,9049363.0,45.1
Chhattisgarh,30-11-2017,M,3.28,9329292.0,46.52
Chhattisgarh,31-12-2017,M,1.54,9205573.0,44.99
Chhattisgarh,31-01-2018,M,6.72,8551446.0,44.01
Chhattisgarh,28-02-2018,M,2.61,8316869.0,40.92
Chhattisgarh,31-03-2018,M,3.2,8870407.0,43.81
Chhattisgarh,30-04-2018,M,2.06,8529349.0,41.54
Chhattisgarh,31-05-2018,M,4.34,8029058.0,39.95
Chhattisgarh,30-06-2018,M,2.44,8107650.0,39.46
Chhattisgarh,31-07-2018,M,3.38,8543548.0,41.89
Chhattisgarh,31-08-2018,M,2.59,8405219.0,40.79
Chhattisgarh,30-09-2018,M,22.24,8264838.0,50.13
Chhattisgarh,31-10-2018,M,12.68,8502477.0,45.82
Chhattisgarh,30-11-2018,M,5.51,8538469.0,42.43
Chhattisgarh,31-12-2018,M,4.73,8258913.0,40.61
Chhattisgarh,31-01-2019,M,7.87,8346885.0,42.35
Chhattisgarh,28-02-2019,M,7.29,8719835.0,43.88
Chhattisgarh,31-03-2019,M,3.71,9034510.0,43.67
Chhattisgarh,30-04-2019,M,3.44,8596924.0,41.35
Chhattisgarh,31-05-2019,M,9.8,8482147.0,43.57
Chhattisgarh,30-06-2019,M,8.06,8800644.0,44.26
Chhattisgarh,31-07-2019,M,5.48,9039059.0,44.11
Chhattisgarh,31-08-2019,M,5.08,9000093.0,43.64
Chhattisgarh,30-09-2019,M,8.63,8800594.0,44.23
Chhattisgarh,31-10-2019,M,7.8,9340935.0,46.42
Chhattisgarh,30-11-2019,M,4.23,9284214.0,44.32
Chhattisgarh,31-12-2019,M,5.44,8984824.0,43.34
Chhattisgarh,31-01-2020,M,9.65,8552172.0,43.08
Chhattisgarh,29-02-2020,M,8.38,9195114.0,45.58
Chhattisgarh,31-03-2020,M,7.54,9302317.0,45.59
Chhattisgarh,30-04-2020,M,3.41,7600448.0,35.58
Chhattisgarh,31-05-2020,M,10.5,6991217.0,35.23
Chhattisgarh,30-06-2020,M,14.23,7332807.0,38.48
Chhattisgarh,31-07-2020,M,10.27,8620294.0,43.14
Chhattisgarh,31-08-2020,M,5.63,9050422.0,42.97
Chhattisgarh,30-09-2020,M,1.99,9158315.0,41.77
Chhattisgarh,31-10-2020,M,6.66,8589223.0,41.05
Chhattisgarh,30-11-2020,M,3.38,8705350.0,40.1
Chhattisgarh,31-12-2020,M,7.2,8391157.0,40.15
Chhattisgarh,31-01-2021,M,6.38,8828785.0,41.78
Chhattisgarh,28-02-2021,M,5.99,8882237.0,41.77
Chhattisgarh,31-03-2021,M,2.69,8580167.0,38.89
Chhattisgarh,30-04-2021,M,3.04,9463460.0,42.96
Chhattisgarh,31-05-2021,M,8.03,9313760.0,44.47
Chhattisgarh,30-06-2021,M,2.57,9485491.0,42.66
Chhattisgarh,31-07-2021,M,3.25,8798367.0,39.76
Chhattisgarh,31-08-2021,M,3.78,8832789.0,40.04
Delhi,31-01-2016,M,10.61,5482637.0,44.0
Delhi,29-02-2016,M,10.84,4829996.0,38.78
Delhi,31-03-2016,M,11.05,5513829.0,44.26
Delhi,30-04-2016,M,6.3,5954845.0,45.28
Delhi,31-05-2016,M,17.3,5523948.0,47.48
Delhi,30-06-2016,M,15.68,5029744.0,42.3
Delhi,31-07-2016,M,14.31,5328709.0,44.0
Delhi,31-08-2016,M,6.85,5926344.0,44.9
Delhi,30-09-2016,M,7.75,5430342.0,41.45
Delhi,31-10-2016,M,11.55,5189367.0,41.21
Delhi,30-11-2016,M,11.5,5522477.0,43.73
Delhi,31-12-2016,M,11.32,5667635.0,44.68
Delhi,31-01-2017,M,10.76,5283788.0,41.3
Delhi,28-02-2017,M,12.09,5197662.0,41.15
Delhi,31-03-2017,M,10.58,5166584.0,40.12
Delhi,30-04-2017,M,7.42,5623114.0,42.07
Delhi,31-05-2017,M,5.28,5362886.0,39.13
Delhi,30-06-2017,M,3.76,5287746.0,37.88
Delhi,31-07-2017,M,3.19,5159575.0,36.66
Delhi,31-08-2017,M,6.8,5333841.0,39.27
Delhi,30-09-2017,M,4.45,5108559.0,36.6
Delhi,31-10-2017,M,3.67,5543827.0,39.3
Delhi,30-11-2017,M,2.11,5325547.0,37.07
Delhi,31-12-2017,M,5.61,5466654.0,39.37
Delhi,31-01-2018,M,2.24,5473606.0,37.97
Delhi,28-02-2018,M,1.57,5601495.0,38.5
Delhi,31-03-2018,M,3.0,5137138.0,35.75
Delhi,30-04-2018,M,3.6,5401058.0,37.73
Delhi,31-05-2018,M,8.75,5349651.0,39.38
Delhi,30-06-2018,M,8.99,5380924.0,39.62
Delhi,31-07-2018,M,7.51,5297063.0,38.29
Delhi,31-08-2018,M,12.32,5481518.0,41.7
Delhi,30-09-2018,M,12.49,5709710.0,43.41
Delhi,31-10-2018,M,10.0,5348642.0,39.45
Delhi,30-11-2018,M,12.04,5551045.0,41.79
Delhi,31-12-2018,M,9.59,5900135.0,43.11
Delhi,31-01-2019,M,12.18,6006259.0,45.07
Delhi,28-02-2019,M,11.56,5456349.0,40.57
Delhi,31-03-2019,M,13.05,5471499.0,41.28
Delhi,30-04-2019,M,8.37,5615928.0,40.11
Delhi,31-05-2019,M,12.32,5925960.0,44.12
Delhi,30-06-2019,M,12.67,5699248.0,42.5
Delhi,31-07-2019,M,14.58,5559698.0,42.28
Delhi,31-08-2019,M,13.61,5687918.0,42.67
Delhi,30-09-2019,M,20.38,5808310.0,47.16
Delhi,31-10-2019,M,12.49,6179875.0,45.54
Delhi,30-11-2019,M,15.96,5618368.0,43.01
Delhi,31-12-2019,M,11.23,5864011.0,42.4
Delhi,31-01-2020,M,22.23,5805284.0,47.79
Delhi,29-02-2020,M,14.84,5856307.0,43.92
Delhi,31-03-2020,M,17.04,5553805.0,42.65
Delhi,30-04-2020,M,16.68,3119274.0,23.8
Delhi,31-05-2020,M,42.27,2632404.0,28.91
Delhi,30-06-2020,M,18.19,4418914.0,34.17
Delhi,31-07-2020,M,20.3,4291053.0,33.97
Delhi,31-08-2020,M,13.79,4850107.0,35.41
Delhi,30-09-2020,M,12.53,4958373.0,35.59
Delhi,31-10-2020,M,6.27,4842698.0,32.36
Delhi,30-11-2020,M,6.57,5058039.0,33.83
Delhi,31-12-2020,M,7.56,5341068.0,36.01
Delhi,31-01-2021,M,12.51,5157974.0,36.65
Delhi,28-02-2021,M,7.99,5176344.0,34.9
Delhi,31-03-2021,M,9.41,5123006.0,35.0
Delhi,30-04-2021,M,27.32,4160172.0,35.33
Delhi,31-05-2021,M,45.56,2879334.0,32.56
Delhi,30-06-2021,M,8.8,5089957.0,34.28
Delhi,31-07-2021,M,10.7,5013429.0,34.4
Delhi,31-08-2021,M,11.57,5058858.0,34.97
Goa,31-01-2016,M,12.31,597685.0,56.13
Goa,29-02-2016,M,10.75,582685.0,53.71
Goa,31-03-2016,M,5.11,615303.0,53.29
Goa,31-05-2016,M,16.04,590215.0,57.64
Goa,30-06-2016,M,13.91,586814.0,55.83
Goa,31-07-2016,M,5.25,623983.0,53.88
Goa,31-08-2016,M,10.74,595317.0,54.51
Goa,30-09-2016,M,13.28,616178.0,58.01
Goa,31-10-2016,M,12.0,589874.0,54.66
Goa,30-11-2016,M,9.73,603695.0,54.48
Goa,31-12-2016,M,8.34,608771.0,54.04
Goa,31-01-2017,M,12.24,620518.0,57.46
Goa,28-02-2017,M,12.38,592760.0,54.93
Goa,31-03-2017,M,8.55,603215.0,53.49
Goa,30-04-2017,M,5.89,589160.0,50.72
Goa,31-05-2017,M,9.89,622399.0,55.9
Goa,30-06-2017,M,9.27,584881.0,52.11
Goa,31-07-2017,M,3.95,590560.0,49.65
Goa,31-08-2017,M,7.65,593907.0,51.87
Goa,30-09-2017,M,6.67,602667.0,52.03
Goa,31-10-2017,M,8.6,571857.0,50.35
Goa,30-11-2017,M,2.83,588479.0,48.69
Goa,31-12-2017,M,4.49,615914.0,51.78
Goa,31-01-2018,M,4.97,567631.0,47.91
Goa,28-02-2018,M,6.35,543703.0,46.53
Goa,31-03-2018,M,3.33,594836.0,49.25
Goa,30-04-2018,M,6.0,597612.0,50.83
Goa,31-05-2018,M,3.25,583684.0,48.18
Goa,30-06-2018,M,4.84,544876.0,45.68
Goa,31-07-2018,M,3.8,579230.0,47.99
Goa,31-08-2018,M,6.82,578404.0,49.41
Goa,30-09-2018,M,4.11,563538.0,46.73
Goa,31-10-2018,M,5.07,540168.0,45.19
Goa,30-11-2018,M,2.14,552106.0,44.76
Goa,31-12-2018,M,7.17,574795.0,49.07
Goa,31-01-2019,M,7.45,481283.0,41.17
Goa,28-02-2019,M,7.08,475535.0,40.47
Goa,31-03-2019,M,8.87,463645.0,40.19
Goa,30-04-2019,M,9.3,509668.0,44.34
Goa,31-05-2019,M,2.82,444196.0,36.03
Goa,30-06-2019,M,10.66,474485.0,41.81
Goa,31-07-2019,M,11.8,447804.0,39.93
Goa,31-08-2019,M,3.67,426879.0,34.81
Goa,30-09-2019,M,3.53,458583.0,37.3
Goa,31-10-2019,M,10.44,467704.0,40.93
Goa,30-11-2019,M,24.66,431101.0,44.8
Goa,31-12-2019,M,11.8,465309.0,41.26
Goa,31-01-2020,M,8.89,416750.0,35.73
Goa,29-02-2020,M,2.81,478068.0,38.38
Goa,31-03-2020,M,5.25,411761.0,33.88
Goa,30-04-2020,M,13.31,500614.0,44.97
Goa,31-05-2020,M,21.25,378244.0,37.36
Goa,30-06-2020,M,9.96,489111.0,42.21
Goa,31-07-2020,M,17.07,458876.0,42.94
Goa,31-08-2020,M,16.21,473016.0,43.76
Goa,30-09-2020,M,15.38,425004.0,38.89
Goa,31-10-2020,M,10.95,388583.0,33.75
Goa,30-11-2020,M,15.88,376472.0,34.58
Goa,31-12-2020,M,13.2,439150.0,39.05
Goa,31-01-2021,M,16.01,424096.0,38.93
Goa,28-02-2021,M,20.58,438421.0,42.51
Goa,31-03-2021,M,22.08,393170.0,38.81
Goa,30-04-2021,M,25.73,366499.0,37.92
Goa,31-05-2021,M,20.49,450287.0,43.47
Goa,30-06-2021,M,17.89,405565.0,37.87
Goa,31-07-2021,M,21.71,398314.0,38.96
Goa,31-08-2021,M,12.61,459677.0,40.24
Gujarat,31-01-2016,M,3.44,21488124.0,46.35
Gujarat,29-02-2016,M,4.12,21120270.0,45.8
Gujarat,31-03-2016,M,4.07,21774339.0,47.1
Gujarat,30-04-2016,M,3.3,22470289.0,48.13
Gujarat,31-05-2016,M,2.63,23071104.0,48.98
Gujarat,30-06-2016,M,2.92,21713869.0,46.15
Gujarat,31-07-2016,M,2.68,22310023.0,47.21
Gujarat,31-08-2016,M,1.38,21965447.0,45.78
Gujarat,30-09-2016,M,2.0,22685230.0,47.48
Gujarat,31-10-2016,M,1.28,22966016.0,47.63
Gujarat,30-11-2016,M,2.2,22639797.0,47.3
Gujarat,31-12-2016,M,5.04,21905325.0,47.04
Gujarat,31-01-2017,M,1.98,22728175.0,47.19
Gujarat,28-02-2017,M,1.33,22336849.0,45.99
Gujarat,31-03-2017,M,4.28,21651839.0,45.87
Gujarat,30-04-2017,M,3.66,21957451.0,46.13
Gujarat,31-05-2017,M,1.95,21823962.0,44.96
Gujarat,30-06-2017,M,2.86,22108034.0,45.89
Gujarat,31-07-2017,M,3.55,21408478.0,44.66
Gujarat,31-08-2017,M,2.57,22329321.0,46.02
Gujarat,30-09-2017,M,3.87,21125763.0,44.05
Gujarat,31-10-2017,M,5.4,21666730.0,45.82
Gujarat,30-11-2017,M,2.8,22428715.0,46.08
Gujarat,31-12-2017,M,1.36,22667259.0,45.79
Gujarat,31-01-2018,M,2.93,21445588.0,43.94
Gujarat,28-02-2018,M,9.53,21756349.0,47.74
Gujarat,31-03-2018,M,4.73,22601847.0,47.01
Gujarat,30-04-2018,M,4.98,22884860.0,47.63
Gujarat,31-05-2018,M,5.06,20769407.0,43.18
Gujarat,30-06-2018,M,6.47,21502364.0,45.29
Gujarat,31-07-2018,M,4.54,22738160.0,46.83
Gujarat,31-08-2018,M,3.58,23304754.0,47.43
Gujarat,30-09-2018,M,4.34,22015881.0,45.08
Gujarat,31-10-2018,M,7.4,22389433.0,47.26
Gujarat,30-11-2018,M,5.09,23778766.0,48.88
Gujarat,31-12-2018,M,3.66,23705055.0,47.91
Gujarat,31-01-2019,M,5.8,23754560.0,49.0
Gujarat,28-02-2019,M,5.54,23789056.0,48.86
Gujarat,31-03-2019,M,4.53,24364847.0,49.41
Gujarat,30-04-2019,M,3.0,24177961.0,48.16
Gujarat,31-05-2019,M,3.38,23641286.0,47.19
Gujarat,30-06-2019,M,5.45,23344240.0,47.52
Gujarat,31-07-2019,M,4.81,24155108.0,48.75
Gujarat,31-08-2019,M,3.92,23735498.0,47.36
Gujarat,30-09-2019,M,6.15,22889629.0,46.67
Gujarat,31-10-2019,M,5.15,24302741.0,48.93
Gujarat,30-11-2019,M,5.86,24383939.0,49.37
Gujarat,31-12-2019,M,4.42,24050638.0,47.87
Gujarat,31-01-2020,M,5.54,24126346.0,48.49
Gujarat,29-02-2020,M,6.38,24757795.0,50.11
Gujarat,31-03-2020,M,6.66,23566641.0,47.75
Gujarat,30-04-2020,M,18.71,15288878.0,35.5
Gujarat,31-05-2020,M,12.11,17836936.0,38.23
Gujarat,30-06-2020,M,3.2,23657055.0,45.96
Gujarat,31-07-2020,M,1.84,24276120.0,46.41
Gujarat,31-08-2020,M,1.87,22817232.0,43.55
Gujarat,30-09-2020,M,3.41,24978668.0,48.34
Gujarat,31-10-2020,M,4.03,25970259.0,50.49
Gujarat,30-11-2020,M,3.86,24161076.0,46.79
Gujarat,31-12-2020,M,3.05,21483898.0,41.18
Gujarat,31-01-2021,M,3.19,24009720.0,46.0
Gujarat,28-02-2021,M,3.17,24070070.0,46.02
Gujarat,31-03-2021,M,2.16,24357415.0,46.0
Gujarat,30-04-2021,M,1.77,24320086.0,45.66
Gujarat,31-05-2021,M,2.34,24179141.0,45.57
Gujarat,30-06-2021,M,1.79,24842134.0,46.46
Gujarat,31-07-2021,M,1.82,25227354.0,47.1
Gujarat,31-08-2021,M,1.61,23838107.0,44.33
Haryana,31-01-2016,M,14.82,7990833.0,46.62
Haryana,29-02-2016,M,11.83,7984203.0,44.91
Haryana,31-03-2016,M,10.4,8061205.0,44.53
Haryana,30-04-2016,M,13.57,7932826.0,45.33
Haryana,31-05-2016,M,10.78,8213227.0,45.36
Haryana,30-06-2016,M,11.67,7666571.0,42.68
Haryana,31-07-2016,M,9.54,7652062.0,41.51
Haryana,31-08-2016,M,14.5,7907110.0,45.29
Haryana,30-09-2016,M,6.67,8100227.0,42.41
Haryana,31-10-2016,M,9.77,7837746.0,42.35
Haryana,30-11-2016,M,7.22,7818449.0,41.0
Haryana,31-12-2016,M,15.38,7361348.0,42.24
Haryana,31-01-2017,M,7.23,7809719.0,40.79
Haryana,28-02-2017,M,8.11,7801926.0,41.06
Haryana,31-03-2017,M,3.41,7360173.0,36.77
Haryana,30-04-2017,M,2.04,7179748.0,35.29
Haryana,31-05-2017,M,2.71,7574585.0,37.41
Haryana,30-06-2017,M,4.2,7714861.0,38.61
Haryana,31-07-2017,M,5.51,7325990.0,37.1
Haryana,31-08-2017,M,1.76,7373641.0,35.84
Haryana,30-09-2017,M,12.3,7950912.0,43.2
Haryana,31-10-2017,M,14.32,7838315.0,43.49
Haryana,30-11-2017,M,13.96,7482687.0,41.26
Haryana,31-12-2017,M,19.57,7430980.0,43.74
Haryana,31-01-2018,M,13.21,7813868.0,42.53
Haryana,28-02-2018,M,15.52,7650882.0,42.7
Haryana,31-03-2018,M,12.76,7369184.0,39.74
Haryana,30-04-2018,M,21.41,7269591.0,43.43
Haryana,31-05-2018,M,15.21,7615814.0,42.08
Haryana,30-06-2018,M,16.67,7656500.0,42.96
Haryana,31-07-2018,M,14.93,7383964.0,40.49
Haryana,31-08-2018,M,23.14,7337554.0,44.44
Haryana,30-09-2018,M,17.21,7722620.0,43.33
Haryana,31-10-2018,M,18.7,7774535.0,44.33
Haryana,30-11-2018,M,18.97,7185680.0,41.02
Haryana,31-12-2018,M,24.51,7237817.0,44.26
Haryana,31-01-2019,M,17.89,7695203.0,43.17
Haryana,28-02-2019,M,21.29,7579380.0,44.27
Haryana,31-03-2019,M,18.99,7112728.0,40.27
Haryana,30-04-2019,M,26.39,7120484.0,44.28
Haryana,31-05-2019,M,18.27,7942782.0,44.39
Haryana,30-06-2019,M,22.1,7590368.0,44.41
Haryana,31-07-2019,M,19.53,7232533.0,40.88
Haryana,31-08-2019,M,28.68,7081312.0,45.06
Haryana,30-09-2019,M,20.19,7815959.0,44.35
Haryana,31-10-2019,M,23.04,7620290.0,44.75
Haryana,30-11-2019,M,20.36,7280003.0,41.23
Haryana,31-12-2019,M,27.56,7152316.0,44.43
Haryana,31-01-2020,M,20.34,7693231.0,43.36
Haryana,29-02-2020,M,25.77,7322942.0,44.21
Haryana,31-03-2020,M,25.05,6641555.0,39.63
Haryana,30-04-2020,M,43.22,5647630.0,44.38
Haryana,31-05-2020,M,29.02,6437868.0,40.39
Haryana,30-06-2020,M,26.7,6951934.0,42.14
Haryana,31-07-2020,M,24.18,6800652.0,39.77
Haryana,31-08-2020,M,33.5,7113788.0,47.32
Haryana,30-09-2020,M,19.33,7190435.0,39.35
Haryana,31-10-2020,M,27.32,6686733.0,40.53
Haryana,30-11-2020,M,25.61,7054038.0,41.68
Haryana,31-12-2020,M,32.49,6723049.0,43.69
Haryana,31-01-2021,M,17.65,7510342.0,39.92
Haryana,28-02-2021,M,26.31,6808544.0,40.36
Haryana,31-03-2021,M,27.58,7255469.0,43.67
Haryana,30-04-2021,M,35.13,6860556.0,46.0
Haryana,31-05-2021,M,28.73,6425654.0,39.13
Haryana,30-06-2021,M,27.84,6772377.0,40.65
Haryana,31-07-2021,M,28.08,6997825.0,42.05
Haryana,31-08-2021,M,35.7,6933829.0,46.51
Himachal Pradesh,31-01-2016,M,3.16,2252583.0,41.6
Himachal Pradesh,29-02-2016,M,3.32,2220379.0,41.01
Himachal Pradesh,31-03-2016,M,5.54,2335451.0,44.08
Himachal Pradesh,30-04-2016,M,4.24,1982465.0,36.85
Himachal Pradesh,31-05-2016,M,4.11,2279919.0,42.25
Himachal Pradesh,30-06-2016,M,1.38,2270199.0,40.84
Himachal Pradesh,31-07-2016,M,9.83,2254133.0,44.28
Himachal Pradesh,31-08-2016,M,4.32,2083962.0,38.51
Himachal Pradesh,30-09-2016,M,1.84,2313262.0,41.6
Himachal Pradesh,31-10-2016,M,0.92,2266757.0,40.32
Himachal Pradesh,30-11-2016,M,4.17,2328150.0,42.75
Himachal Pradesh,31-12-2016,M,1.74,2285976.0,40.87
Himachal Pradesh,31-01-2017,M,1.72,2366775.0,42.24
Himachal Pradesh,28-02-2017,M,2.66,2325936.0,41.84
Himachal Pradesh,31-03-2017,M,3.28,2462377.0,44.51
Himachal Pradesh,30-04-2017,M,0.49,2293658.0,40.23
Himachal Pradesh,31-05-2017,M,1.85,2360892.0,41.92
Himachal Pradesh,30-06-2017,M,1.55,2324493.0,41.08
Himachal Pradesh,31-07-2017,M,2.89,2256791.0,40.37
Himachal Pradesh,31-08-2017,M,1.24,2325795.0,40.84
Himachal Pradesh,30-09-2017,M,4.5,2363416.0,42.85
Himachal Pradesh,31-10-2017,M,5.37,2270250.0,41.47
Himachal Pradesh,30-11-2017,M,14.53,2366020.0,47.77
Himachal Pradesh,31-12-2017,M,12.13,2347641.0,46.03
Himachal Pradesh,31-01-2018,M,11.8,2277679.0,44.42
Himachal Pradesh,28-02-2018,M,9.64,2179385.0,41.42
Himachal Pradesh,31-03-2018,M,15.32,2241281.0,45.38
Himachal Pradesh,30-04-2018,M,17.49,2267885.0,47.05
Himachal Pradesh,31-05-2018,M,13.16,2280143.0,44.88
Himachal Pradesh,30-06-2018,M,11.79,2181723.0,42.2
Himachal Pradesh,31-07-2018,M,17.8,2189794.0,45.38
Himachal Pradesh,31-08-2018,M,17.33,2242645.0,46.14
Himachal Pradesh,30-09-2018,M,14.01,2334024.0,46.09
Himachal Pradesh,31-10-2018,M,13.11,2216312.0,43.24
Himachal Pradesh,30-11-2018,M,19.09,2327363.0,48.68
Himachal Pradesh,31-12-2018,M,18.82,2243346.0,46.69
Himachal Pradesh,31-01-2019,M,13.89,2298753.0,45.03
Himachal Pradesh,28-02-2019,M,13.82,2226496.0,43.51
Himachal Pradesh,31-03-2019,M,18.79,2183648.0,45.22
Himachal Pradesh,30-04-2019,M,19.64,2216624.0,46.31
Himachal Pradesh,31-05-2019,M,13.38,2291429.0,44.34
Himachal Pradesh,30-06-2019,M,12.63,2194657.0,42.03
Himachal Pradesh,31-07-2019,M,20.69,2152718.0,45.35
Himachal Pradesh,31-08-2019,M,19.24,2205562.0,45.55
Himachal Pradesh,30-09-2019,M,15.57,2287014.0,45.11
Himachal Pradesh,31-10-2019,M,16.74,2179279.0,43.51
Himachal Pradesh,30-11-2019,M,23.34,2257438.0,48.87
Himachal Pradesh,31-12-2019,M,20.16,2164186.0,44.91
Himachal Pradesh,31-01-2020,M,16.83,2287632.0,45.5
Himachal Pradesh,29-02-2020,M,16.84,2180268.0,43.3
Himachal Pradesh,31-03-2020,M,18.76,2021858.0,41.04
Himachal Pradesh,30-04-2020,M,2.2,1131128.0,19.04
Himachal Pradesh,31-05-2020,M,26.95,1897639.0,42.7
Himachal Pradesh,30-06-2020,M,13.47,2199683.0,41.72
Himachal Pradesh,31-07-2020,M,24.31,2229456.0,48.25
Himachal Pradesh,31-08-2020,M,15.79,2029740.0,39.42
Himachal Pradesh,30-09-2020,M,11.41,2240699.0,41.3
Himachal Pradesh,31-10-2020,M,13.46,2123965.0,40.01
Himachal Pradesh,30-11-2020,M,15.86,1968783.0,38.08
Himachal Pradesh,31-12-2020,M,7.86,2174653.0,38.35
Himachal Pradesh,31-01-2021,M,11.55,2248174.0,41.23
Himachal Pradesh,28-02-2021,M,15.57,2075852.0,39.83
Himachal Pradesh,31-03-2021,M,14.24,1927818.0,36.35
Himachal Pradesh,30-04-2021,M,11.06,2000101.0,36.31
Himachal Pradesh,31-05-2021,M,7.72,2226706.0,38.89
Himachal Pradesh,30-06-2021,M,16.89,1952465.0,37.8
Himachal Pradesh,31-07-2021,M,14.98,2025194.0,38.27
Himachal Pradesh,31-08-2021,M,3.74,2095797.0,34.92
Jammu & Kashmir,31-01-2016,M,12.31,3377251.0,41.1
Jammu & Kashmir,29-02-2016,M,17.97,3197946.0,41.52
Jammu & Kashmir,31-03-2016,M,13.8,3393838.0,41.84
Jammu & Kashmir,30-04-2016,M,10.49,3720119.0,44.08
Jammu & Kashmir,31-05-2016,M,22.02,3330402.0,45.2
Jammu & Kashmir,30-06-2016,M,21.3,3301976.0,44.31
Jammu & Kashmir,31-07-2016,M,18.23,3307119.0,42.62
Jammu & Kashmir,31-08-2016,M,24.04,3773961.0,52.25
Jammu & Kashmir,30-09-2016,M,25.31,3249418.0,45.65
Jammu & Kashmir,31-10-2016,M,26.32,2966999.0,42.17
Jammu & Kashmir,30-11-2016,M,29.92,3181288.0,47.44
Jammu & Kashmir,31-12-2016,M,21.34,3865037.0,51.24
Jammu & Kashmir,31-01-2017,M,21.7,3225601.0,42.86
Jammu & Kashmir,28-02-2017,M,9.46,3335125.0,38.26
Jammu & Kashmir,31-03-2017,M,17.69,3563228.0,44.86
Jammu & Kashmir,30-04-2017,M,17.05,3770892.0,47.01
Jammu & Kashmir,31-05-2017,M,10.16,3181602.0,36.55
Jammu & Kashmir,30-06-2017,M,11.86,3503726.0,40.94
Jammu & Kashmir,31-07-2017,M,7.57,3208853.0,35.67
Jammu & Kashmir,31-08-2017,M,7.33,3773189.0,41.75
Jammu & Kashmir,30-09-2017,M,12.56,3548680.0,41.53
Jammu & Kashmir,31-10-2017,M,12.8,3565494.0,41.75
Jammu & Kashmir,30-11-2017,M,12.93,3598156.0,42.11
Jammu & Kashmir,31-12-2017,M,13.96,3730554.0,44.08
Jammu & Kashmir,31-01-2018,M,9.97,3583828.0,40.39
Jammu & Kashmir,28-02-2018,M,15.13,3421905.0,40.83
Jammu & Kashmir,31-03-2018,M,14.0,3645677.0,42.83
Jammu & Kashmir,30-04-2018,M,10.7,3795073.0,42.85
Jammu & Kashmir,31-05-2018,M,9.67,3637496.0,40.52
Jammu & Kashmir,30-06-2018,M,13.16,3412005.0,39.45
Jammu & Kashmir,31-07-2018,M,10.04,3627060.0,40.4
Jammu & Kashmir,31-08-2018,M,7.95,3762614.0,40.87
Jammu & Kashmir,30-09-2018,M,13.21,3551156.0,40.82
Jammu & Kashmir,31-10-2018,M,14.58,3277483.0,38.2
Jammu & Kashmir,30-11-2018,M,11.15,3529595.0,39.47
Jammu & Kashmir,31-12-2018,M,9.08,3675581.0,40.08
Jammu & Kashmir,31-01-2019,M,17.1,3596568.0,42.92
Jammu & Kashmir,28-02-2019,M,15.23,3482740.0,40.56
Jammu & Kashmir,31-03-2019,M,15.15,3711176.0,43.09
Jammu & Kashmir,30-04-2019,M,10.62,3894195.0,42.84
Jammu & Kashmir,31-05-2019,M,16.26,3625325.0,42.47
Jammu & Kashmir,30-06-2019,M,14.74,3563557.0,40.92
Jammu & Kashmir,31-07-2019,M,16.34,3733085.0,43.59
Jammu & Kashmir,31-08-2019,M,22.45,3411463.0,42.88
Jammu & Kashmir,30-09-2019,M,19.87,3365012.0,40.85
Jammu & Kashmir,31-10-2019,M,20.73,3506707.0,42.94
Jammu & Kashmir,30-11-2019,M,14.58,3642517.0,41.31
Jammu & Kashmir,31-12-2019,M,12.48,4574768.0,50.52
Jammu & Kashmir,31-01-2020,M,21.08,3453025.0,42.2
Jammu & Kashmir,29-02-2020,M,20.78,3223513.0,39.17
Jammu & Kashmir,31-03-2020,M,15.5,3359107.0,38.18
Jammu & Kashmir,31-05-2020,M,18.74,3246493.0,38.21
Jammu & Kashmir,30-06-2020,M,17.92,3202336.0,37.24
Jammu & Kashmir,31-07-2020,M,10.88,3558889.0,38.03
Jammu & Kashmir,31-08-2020,M,11.09,3429950.0,36.66
Jammu & Kashmir,30-09-2020,M,16.17,3210281.0,36.31
Jammu & Kashmir,31-10-2020,M,16.14,3106691.0,35.05
Jammu & Kashmir,30-11-2020,M,8.55,3105513.0,32.07
Jammu & Kashmir,31-12-2020,M,16.61,3333288.0,37.67
Jammu & Kashmir,31-01-2021,M,21.9,3308895.0,39.83
Jammu & Kashmir,28-02-2021,M,14.21,3075564.0,33.64
Jammu & Kashmir,31-03-2021,M,9.53,2994081.0,30.99
Jammu & Kashmir,30-04-2021,M,11.45,3578310.0,37.76
Jammu & Kashmir,31-05-2021,M,11.92,3494510.0,36.99
Jammu & Kashmir,30-06-2021,M,10.57,3273797.0,34.06
Jammu & Kashmir,31-07-2021,M,15.4,3383418.0,37.13
Jammu & Kashmir,31-08-2021,M,13.57,3518412.0,37.72
Jharkhand,31-01-2016,M,13.05,8064211.0,38.75
Jharkhand,29-02-2016,M,11.13,9382717.0,44.02
Jharkhand,31-03-2016,M,8.97,8987924.0,41.07
Jharkhand,30-04-2016,M,7.97,10355816.0,46.71
Jharkhand,31-05-2016,M,11.16,8368601.0,39.01
Jharkhand,30-06-2016,M,9.64,9580041.0,43.82
Jharkhand,31-07-2016,M,6.08,9417859.0,41.35
Jharkhand,31-08-2016,M,9.35,10026004.0,45.51
Jharkhand,30-09-2016,M,6.58,9460358.0,41.58
Jharkhand,31-10-2016,M,3.8,9748705.0,41.51
Jharkhand,30-11-2016,M,3.69,9700161.0,41.17
Jharkhand,31-12-2016,M,1.88,10190898.0,42.36
Jharkhand,31-01-2017,M,3.5,9499090.0,40.06
Jharkhand,28-02-2017,M,2.98,9614157.0,40.25
Jharkhand,31-03-2017,M,1.66,9504776.0,39.17
Jharkhand,30-04-2017,M,1.58,9908475.0,40.71
Jharkhand,31-05-2017,M,2.41,9573732.0,39.58
Jharkhand,30-06-2017,M,4.34,9788865.0,41.2
Jharkhand,31-07-2017,M,1.58,9133860.0,37.28
Jharkhand,31-08-2017,M,3.26,9650850.0,39.99
Jharkhand,30-09-2017,M,8.51,9575924.0,41.86
Jharkhand,31-10-2017,M,8.24,9721064.0,42.28
Jharkhand,30-11-2017,M,7.06,9193133.0,39.39
Jharkhand,31-12-2017,M,8.35,9572381.0,41.5
Jharkhand,31-01-2018,M,6.42,9545848.0,40.44
Jharkhand,28-02-2018,M,6.97,9813756.0,41.74
Jharkhand,31-03-2018,M,7.82,9309075.0,39.87
Jharkhand,30-04-2018,M,10.73,9270173.0,40.91
Jharkhand,31-05-2018,M,9.52,9546415.0,41.47
Jharkhand,30-06-2018,M,7.98,9648983.0,41.13
Jharkhand,31-07-2018,M,10.62,9319492.0,40.8
Jharkhand,31-08-2018,M,9.6,9368066.0,40.46
Jharkhand,30-09-2018,M,8.5,9542917.0,40.63
Jharkhand,31-10-2018,M,7.79,9872147.0,41.62
Jharkhand,30-11-2018,M,10.41,9276203.0,40.17
Jharkhand,31-12-2018,M,11.56,9318697.0,40.78
Jharkhand,31-01-2019,M,9.05,9492973.0,40.31
Jharkhand,28-02-2019,M,6.88,9992862.0,41.36
Jharkhand,31-03-2019,M,13.58,9188910.0,40.89
Jharkhand,30-04-2019,M,12.23,9570966.0,41.84
Jharkhand,31-05-2019,M,9.92,9439796.0,40.12
Jharkhand,30-06-2019,M,11.69,9646693.0,41.74
Jharkhand,31-07-2019,M,11.53,9392979.0,40.47
Jharkhand,31-08-2019,M,14.26,9350763.0,41.48
Jharkhand,30-09-2019,M,10.31,10030750.0,42.45
Jharkhand,31-10-2019,M,9.92,10221435.0,42.97
Jharkhand,30-11-2019,M,10.57,9703914.0,41.0
Jharkhand,31-12-2019,M,16.98,9163609.0,41.62
Jharkhand,31-01-2020,M,10.61,10198029.0,42.92
Jharkhand,29-02-2020,M,11.85,10425425.0,44.4
Jharkhand,31-03-2020,M,8.23,9638115.0,39.34
Jharkhand,30-04-2020,M,47.09,5335262.0,37.69
Jharkhand,31-05-2020,M,59.23,4145385.0,37.92
Jharkhand,30-06-2020,M,20.95,8622722.0,40.59
Jharkhand,31-07-2020,M,7.63,9521900.0,38.27
Jharkhand,31-08-2020,M,9.76,9331640.0,38.31
Jharkhand,30-09-2020,M,9.28,9980378.0,40.67
Jharkhand,31-10-2020,M,11.8,10302276.0,43.08
Jharkhand,30-11-2020,M,9.54,9574705.0,38.96
Jharkhand,31-12-2020,M,12.4,9652716.0,40.47
Jharkhand,31-01-2021,M,11.31,10005873.0,41.34
Jharkhand,28-02-2021,M,12.17,10198512.0,42.46
Jharkhand,31-03-2021,M,12.75,9655793.0,40.38
Jharkhand,30-04-2021,M,16.48,9559528.0,41.67
Jharkhand,31-05-2021,M,15.96,9288715.0,40.15
Jharkhand,30-06-2021,M,12.74,10751681.0,44.67
Jharkhand,31-07-2021,M,9.4,10261921.0,40.97
Jharkhand,31-08-2021,M,15.96,9916315.0,42.58
Karnataka,31-01-2016,M,6.38,23141471.0,49.05
Karnataka,29-02-2016,M,5.27,22647222.0,47.35
Karnataka,31-03-2016,M,3.26,22105452.0,45.17
Karnataka,30-04-2016,M,4.94,22235918.0,46.15
Karnataka,31-05-2016,M,11.49,23357728.0,51.96
Karnataka,30-06-2016,M,3.07,23269877.0,47.18
Karnataka,31-07-2016,M,3.07,23578258.0,47.71
Karnataka,31-08-2016,M,4.07,23009464.0,46.95
Karnataka,30-09-2016,M,5.45,25360227.0,52.4
Karnataka,31-10-2016,M,5.83,24243552.0,50.2
Karnataka,30-11-2016,M,5.91,22858956.0,47.28
Karnataka,31-12-2016,M,4.61,24786846.0,50.46
Karnataka,31-01-2017,M,6.66,25020405.0,51.96
Karnataka,28-02-2017,M,5.21,24378353.0,49.76
Karnataka,31-03-2017,M,3.09,22519245.0,44.87
Karnataka,30-04-2017,M,1.35,24775272.0,48.4
Karnataka,31-05-2017,M,1.32,24589723.0,47.93
Karnataka,30-06-2017,M,1.27,23376442.0,45.46
Karnataka,31-07-2017,M,1.34,22164647.0,43.04
Karnataka,31-08-2017,M,1.04,25540685.0,49.35
Karnataka,30-09-2017,M,1.82,24088961.0,46.83
Karnataka,31-10-2017,M,1.27,24517534.0,47.3
Karnataka,30-11-2017,M,1.39,23710131.0,45.71
Karnataka,31-12-2017,M,2.63,23302782.0,45.4
Karnataka,31-01-2018,M,1.79,24678751.0,47.58
Karnataka,28-02-2018,M,3.32,23921489.0,46.76
Karnataka,31-03-2018,M,3.97,22842923.0,44.87
Karnataka,30-04-2018,M,2.28,23084607.0,44.47
Karnataka,31-05-2018,M,1.64,24285788.0,46.39
Karnataka,30-06-2018,M,2.87,24102028.0,46.53
Karnataka,31-07-2018,M,2.36,22160737.0,42.47
Karnataka,31-08-2018,M,1.46,22673269.0,42.97
Karnataka,30-09-2018,M,1.21,23461519.0,44.27
Karnataka,31-10-2018,M,2.11,23126629.0,43.95
Karnataka,30-11-2018,M,1.48,21787403.0,41.06
Karnataka,31-12-2018,M,1.22,21631436.0,40.58
Karnataka,31-01-2019,M,1.49,23072967.0,43.32
Karnataka,28-02-2019,M,2.0,22550688.0,42.48
Karnataka,31-03-2019,M,1.29,20755789.0,38.74
Karnataka,30-04-2019,M,0.53,21180297.0,39.15
Karnataka,31-05-2019,M,5.88,22549687.0,43.96
Karnataka,30-06-2019,M,5.58,21750997.0,42.19
Karnataka,31-07-2019,M,1.26,20907836.0,38.7
Karnataka,31-08-2019,M,0.74,21300805.0,39.14
Karnataka,30-09-2019,M,3.31,22397436.0,42.17
Karnataka,31-10-2019,M,5.83,21602775.0,41.68
Karnataka,30-11-2019,M,2.16,20151048.0,37.35
Karnataka,31-12-2019,M,0.88,21348507.0,38.98
Karnataka,31-01-2020,M,2.86,22688028.0,42.18
Karnataka,29-02-2020,M,3.61,21677719.0,40.54
Karnataka,31-03-2020,M,3.46,22079653.0,41.14
Karnataka,30-04-2020,M,29.84,16718395.0,42.78
Karnataka,31-05-2020,M,19.97,19397853.0,43.43
Karnataka,30-06-2020,M,8.44,24215057.0,47.29
Karnataka,31-07-2020,M,4.01,22885616.0,42.55
Karnataka,31-08-2020,M,0.5,24094289.0,43.13
Karnataka,30-09-2020,M,2.4,20131894.0,36.67
Karnataka,31-10-2020,M,1.58,22349602.0,40.28
Karnataka,30-11-2020,M,1.86,21714939.0,39.18
Karnataka,31-12-2020,M,1.39,22393716.0,40.13
Karnataka,31-01-2021,M,3.28,21869339.0,39.87
Karnataka,28-02-2021,M,2.5,22537746.0,40.69
Karnataka,31-03-2021,M,1.16,21854018.0,38.84
Karnataka,30-04-2021,M,2.03,23110478.0,41.36
Karnataka,31-05-2021,M,5.27,23612747.0,43.61
Karnataka,30-06-2021,M,5.55,22953054.0,42.43
Karnataka,31-07-2021,M,2.05,22332124.0,39.73
Karnataka,31-08-2021,M,1.49,22829342.0,40.3
Kerala,31-01-2016,M,18.4,10188518.0,46.3
Kerala,29-02-2016,M,23.53,10223651.0,49.54
Kerala,31-03-2016,M,22.91,9605152.0,46.12
Kerala,30-04-2016,M,18.38,10078897.0,45.67
Kerala,31-05-2016,M,11.96,10320728.0,43.32
Kerala,30-06-2016,M,10.34,10135488.0,41.73
Kerala,31-07-2016,M,13.57,9893670.0,42.22
Kerala,31-08-2016,M,16.2,10322068.0,45.39
Kerala,30-09-2016,M,5.82,10314303.0,40.32
Kerala,31-10-2016,M,5.13,10626380.0,41.2
Kerala,30-11-2016,M,16.85,9526044.0,42.1
Kerala,31-12-2016,M,19.46,9983172.0,45.51
Kerala,31-01-2017,M,12.28,10248227.0,42.85
Kerala,28-02-2017,M,10.15,10257733.0,41.84
Kerala,31-03-2017,M,12.15,9909110.0,41.3
Kerala,30-04-2017,M,6.23,9884149.0,38.56
Kerala,31-05-2017,M,7.82,9639045.0,38.22
Kerala,30-06-2017,M,7.01,9881536.0,38.8
Kerala,31-07-2017,M,8.28,9474521.0,37.68
Kerala,31-08-2017,M,6.01,9962805.0,38.63
Kerala,30-09-2017,M,4.37,9643099.0,36.72
Kerala,31-10-2017,M,10.44,10057625.0,40.86
Kerala,30-11-2017,M,10.97,9365767.0,38.24
Kerala,31-12-2017,M,11.21,9690563.0,39.63
Kerala,31-01-2018,M,6.88,9683946.0,37.73
Kerala,28-02-2018,M,8.27,10235045.0,40.44
Kerala,31-03-2018,M,9.8,9504738.0,38.16
Kerala,30-04-2018,M,6.67,9749554.0,37.79
Kerala,31-05-2018,M,5.67,9778798.0,37.47
Kerala,30-06-2018,M,8.9,10146010.0,40.22
Kerala,31-07-2018,M,7.22,9596346.0,37.32
Kerala,31-08-2018,M,10.41,7768045.0,31.26
Kerala,30-09-2018,M,4.26,9789238.0,36.82
Kerala,31-10-2018,M,7.22,10013232.0,38.83
Kerala,30-11-2018,M,6.26,9229128.0,35.39
Kerala,31-12-2018,M,8.26,9370914.0,36.69
Kerala,31-01-2019,M,6.62,9860216.0,37.89
Kerala,28-02-2019,M,7.41,10137150.0,39.25
Kerala,31-03-2019,M,6.41,8985355.0,34.39
Kerala,30-04-2019,M,8.79,9626201.0,37.77
Kerala,31-05-2019,M,6.39,9790265.0,37.39
Kerala,30-06-2019,M,7.95,10283997.0,39.91
Kerala,31-07-2019,M,6.18,8960603.0,34.08
Kerala,31-08-2019,M,9.13,9682099.0,37.99
Kerala,30-09-2019,M,5.43,10041141.0,37.82
Kerala,31-10-2019,M,7.41,9973336.0,38.33
Kerala,30-11-2019,M,5.81,8620674.0,32.54
Kerala,31-12-2019,M,9.19,9506092.0,37.18
Kerala,31-01-2020,M,5.31,9904534.0,37.12
Kerala,29-02-2020,M,7.6,9828023.0,37.71
Kerala,31-03-2020,M,8.99,8221728.0,32.0
Kerala,30-04-2020,M,16.99,3933276.0,16.77
Kerala,31-05-2020,M,17.88,7921962.0,34.11
Kerala,30-06-2020,M,9.71,9228268.0,36.11
Kerala,31-07-2020,M,7.09,9504420.0,36.1
Kerala,31-08-2020,M,10.98,9031944.0,35.78
Kerala,30-09-2020,M,5.91,9240913.0,34.6
Kerala,31-10-2020,M,3.88,9152881.0,33.52
Kerala,30-11-2020,M,5.83,8472442.0,31.64
Kerala,31-12-2020,M,6.45,9556138.0,35.89
Kerala,31-01-2021,M,5.46,9264917.0,34.39
Kerala,28-02-2021,M,4.3,9336761.0,34.21
Kerala,31-03-2021,M,5.9,8804500.0,32.78
Kerala,30-04-2021,M,7.52,9603392.0,36.35
Kerala,31-05-2021,M,23.52,7458637.0,34.1
Kerala,30-06-2021,M,15.77,7752486.0,32.16
Kerala,31-07-2021,M,7.52,8439403.0,31.85
Kerala,31-08-2021,M,7.81,9544849.0,36.11
Madhya Pradesh,31-01-2016,M,4.07,25565126.0,48.6
Madhya Pradesh,29-02-2016,M,4.36,21964907.0,41.79
Madhya Pradesh,31-03-2016,M,6.62,20672491.0,40.2
Madhya Pradesh,30-04-2016,M,8.73,21505008.0,42.69
Madhya Pradesh,31-05-2016,M,6.63,25480320.0,49.33
Madhya Pradesh,30-06-2016,M,2.86,22389513.0,41.58
Madhya Pradesh,31-07-2016,M,11.82,20296986.0,41.43
Madhya Pradesh,31-08-2016,M,9.97,20877809.0,41.65
Madhya Pradesh,30-09-2016,M,7.06,24055017.0,46.39
Madhya Pradesh,31-10-2016,M,5.31,23537779.0,44.45
Madhya Pradesh,30-11-2016,M,7.96,20697502.0,40.12
Madhya Pradesh,31-12-2016,M,3.38,21180110.0,39.03
Madhya Pradesh,31-01-2017,M,3.52,23428418.0,43.14
Madhya Pradesh,28-02-2017,M,3.41,23576557.0,43.27
Madhya Pradesh,31-03-2017,M,4.88,22914026.0,42.61
Madhya Pradesh,30-04-2017,M,2.31,20990867.0,37.93
Madhya Pradesh,31-05-2017,M,2.02,23569924.0,42.37
Madhya Pradesh,30-06-2017,M,1.54,24586573.0,43.88
Madhya Pradesh,31-07-2017,M,1.18,23801483.0,42.23
Madhya Pradesh,31-08-2017,M,1.33,21899358.0,38.83
Madhya Pradesh,30-09-2017,M,1.27,23015166.0,40.7
Madhya Pradesh,31-10-2017,M,1.64,22376267.0,39.63
Madhya Pradesh,30-11-2017,M,4.34,22191934.0,40.32
Madhya Pradesh,31-12-2017,M,2.6,23580932.0,41.99
Madhya Pradesh,31-01-2018,M,2.98,21933653.0,39.12
Madhya Pradesh,28-02-2018,M,2.78,22532271.0,40.03
Madhya Pradesh,31-03-2018,M,5.0,22556962.0,40.91
Madhya Pradesh,30-04-2018,M,3.18,22954705.0,40.77
Madhya Pradesh,31-05-2018,M,2.02,21790698.0,38.16
Madhya Pradesh,30-06-2018,M,2.59,22011650.0,38.68
Madhya Pradesh,31-07-2018,M,4.24,22106279.0,39.43
Madhya Pradesh,31-08-2018,M,6.21,23016950.0,41.83
Madhya Pradesh,30-09-2018,M,3.64,21613322.0,38.14
Madhya Pradesh,31-10-2018,M,7.29,21424091.0,39.21
Madhya Pradesh,30-11-2018,M,6.53,21490622.0,38.93
Madhya Pradesh,31-12-2018,M,6.98,22190073.0,40.3
Madhya Pradesh,31-01-2019,M,4.76,21924819.0,38.81
Madhya Pradesh,28-02-2019,M,6.47,22356536.0,40.21
Madhya Pradesh,31-03-2019,M,5.4,22063401.0,39.15
Madhya Pradesh,30-04-2019,M,6.47,22362845.0,40.05
Madhya Pradesh,31-05-2019,M,3.72,22042549.0,38.26
Madhya Pradesh,30-06-2019,M,4.86,22804132.0,39.97
Madhya Pradesh,31-07-2019,M,4.91,22541149.0,39.44
Madhya Pradesh,31-08-2019,M,5.5,23368979.0,41.06
Madhya Pradesh,30-09-2019,M,4.37,22882648.0,39.64
Madhya Pradesh,31-10-2019,M,3.38,23664352.0,40.49
Madhya Pradesh,30-11-2019,M,3.69,22765882.0,38.99
Madhya Pradesh,31-12-2019,M,3.9,23642051.0,40.49
Madhya Pradesh,31-01-2020,M,4.11,23018632.0,39.42
Madhya Pradesh,29-02-2020,M,4.57,22711479.0,39.0
Madhya Pradesh,31-03-2020,M,2.22,22867164.0,38.24
Madhya Pradesh,30-04-2020,M,12.36,19041832.0,35.45
Madhya Pradesh,31-05-2020,M,21.98,18443927.0,38.48
Madhya Pradesh,30-06-2020,M,6.48,23054646.0,40.04
Madhya Pradesh,31-07-2020,M,5.08,23940158.0,40.88
Madhya Pradesh,31-08-2020,M,4.7,23619011.0,40.08
Madhya Pradesh,30-09-2020,M,3.93,23396559.0,39.3
Madhya Pradesh,31-10-2020,M,3.26,23109279.0,38.46
Madhya Pradesh,30-11-2020,M,4.34,24437387.0,41.04
Madhya Pradesh,31-12-2020,M,3.99,23864423.0,39.85
Madhya Pradesh,31-01-2021,M,6.15,23183713.0,39.51
Madhya Pradesh,28-02-2021,M,2.02,22589307.0,36.8
Madhya Pradesh,31-03-2021,M,1.5,24004347.0,38.82
Madhya Pradesh,30-04-2021,M,1.35,22705824.0,36.58
Madhya Pradesh,31-05-2021,M,5.16,21795692.0,36.44
Madhya Pradesh,30-06-2021,M,2.34,22680487.0,36.75
Madhya Pradesh,31-07-2021,M,2.3,24438028.0,39.49
Madhya Pradesh,31-08-2021,M,3.49,23825304.0,38.89
Maharashtra,31-01-2016,M,4.62,41175830.0,46.77
Maharashtra,29-02-2016,M,3.69,41947738.0,47.11
Maharashtra,31-03-2016,M,5.92,41426005.0,47.53
Maharashtra,30-04-2016,M,9.92,42200931.0,50.47
Maharashtra,31-05-2016,M,9.05,43656285.0,51.6
Maharashtra,30-06-2016,M,6.58,44556278.0,51.18
Maharashtra,31-07-2016,M,7.84,44741140.0,51.99
Maharashtra,31-08-2016,M,8.96,42102304.0,49.43
Maharashtra,30-09-2016,M,6.46,45059192.0,51.39
Maharashtra,31-10-2016,M,4.34,46570690.0,51.83
Maharashtra,30-11-2016,M,5.13,44592280.0,49.94
Maharashtra,31-12-2016,M,5.2,43013262.0,48.12
Maharashtra,31-01-2017,M,4.2,44369671.0,49.02
Maharashtra,28-02-2017,M,3.49,45028087.0,49.29
Maharashtra,31-03-2017,M,7.96,43864363.0,50.24
Maharashtra,30-04-2017,M,4.05,43449940.0,47.65
Maharashtra,31-05-2017,M,4.92,44091076.0,48.7
Maharashtra,30-06-2017,M,4.11,44149420.0,48.26
Maharashtra,31-07-2017,M,3.45,46291207.0,50.15
Maharashtra,31-08-2017,M,4.76,43944919.0,48.17
Maharashtra,30-09-2017,M,4.67,45138102.0,49.34
Maharashtra,31-10-2017,M,3.87,45163462.0,48.86
Maharashtra,30-11-2017,M,3.82,45467715.0,49.06
Maharashtra,31-12-2017,M,2.7,44870497.0,47.77
Maharashtra,31-01-2018,M,3.47,45213511.0,48.42
Maharashtra,28-02-2018,M,3.83,45713503.0,49.05
Maharashtra,31-03-2018,M,3.36,44650489.0,47.58
Maharashtra,30-04-2018,M,4.88,44155265.0,47.71
Maharashtra,31-05-2018,M,3.74,43268117.0,46.11
Maharashtra,30-06-2018,M,4.19,43697315.0,46.69
Maharashtra,31-07-2018,M,3.46,42810228.0,45.31
Maharashtra,31-08-2018,M,4.05,41357801.0,43.95
Maharashtra,30-09-2018,M,4.02,43722414.0,46.36
Maharashtra,31-10-2018,M,3.82,43670526.0,46.12
Maharashtra,30-11-2018,M,3.78,43591817.0,45.92
Maharashtra,31-12-2018,M,3.21,42499581.0,44.42
Maharashtra,31-01-2019,M,5.67,44188804.0,47.3
Maharashtra,28-02-2019,M,3.73,43904146.0,45.96
Maharashtra,31-03-2019,M,3.34,44082780.0,45.87
Maharashtra,30-04-2019,M,4.09,41839940.0,43.79
Maharashtra,31-05-2019,M,4.69,40859439.0,42.95
Maharashtra,30-06-2019,M,5.26,40431563.0,42.67
Maharashtra,31-07-2019,M,4.78,42059400.0,44.08
Maharashtra,31-08-2019,M,5.26,43438141.0,45.66
Maharashtra,30-09-2019,M,5.55,41617740.0,43.8
Maharashtra,31-10-2019,M,5.38,41552227.0,43.56
Maharashtra,30-11-2019,M,5.34,42368067.0,44.31
Maharashtra,31-12-2019,M,4.94,42938783.0,44.63
Maharashtra,31-01-2020,M,4.95,42596868.0,44.19
Maharashtra,29-02-2020,M,4.69,42416317.0,43.8
Maharashtra,31-03-2020,M,5.79,40196806.0,41.91
Maharashtra,30-04-2020,M,20.9,27689253.0,34.32
Maharashtra,31-05-2020,M,15.46,32116847.0,37.17
Maharashtra,30-06-2020,M,9.23,39708538.0,42.71
Maharashtra,31-07-2020,M,3.89,40998545.0,41.57
Maharashtra,31-08-2020,M,6.23,40963616.0,42.49
Maharashtra,30-09-2020,M,4.54,41970885.0,42.67
Maharashtra,31-10-2020,M,4.2,42984107.0,43.46
Maharashtra,30-11-2020,M,2.98,41835346.0,41.69
Maharashtra,31-12-2020,M,3.9,41852719.0,42.02
Maharashtra,31-01-2021,M,3.79,42638718.0,42.68
Maharashtra,28-02-2021,M,3.75,43096660.0,43.04
Maharashtra,31-03-2021,M,3.55,44407556.0,44.16
Maharashtra,30-04-2021,M,5.47,40125662.0,40.64
Maharashtra,31-05-2021,M,5.75,40887966.0,41.45
Maharashtra,30-06-2021,M,4.29,42688095.0,42.53
Maharashtra,31-07-2021,M,4.28,44095200.0,43.84
Maharashtra,31-08-2021,M,4.36,44637546.0,44.32
Meghalaya,31-01-2018,M,10.86,1138806.0,58.5
Meghalaya,28-02-2018,M,7.92,1138690.0,56.5
Meghalaya,31-03-2018,M,6.72,1067546.0,52.16
Meghalaya,30-04-2018,M,4.04,1168761.0,55.38
Meghalaya,31-05-2018,M,10.54,1149825.0,58.3
Meghalaya,30-06-2018,M,6.73,1111337.0,53.91
Meghalaya,31-07-2018,M,3.51,1178817.0,55.14
Meghalaya,31-08-2018,M,4.23,1245669.0,58.56
Meghalaya,30-09-2018,M,4.57,1271561.0,59.85
Meghalaya,31-10-2018,M,4.81,1199584.0,56.46
Meghalaya,30-11-2018,M,3.02,1305640.0,60.17
Meghalaya,31-12-2018,M,2.71,1288889.0,59.06
Meghalaya,31-01-2019,M,2.65,1367106.0,62.45
Meghalaya,28-02-2019,M,6.4,1229411.0,58.28
Meghalaya,31-03-2019,M,2.01,1419680.0,64.13
Meghalaya,30-04-2019,M,2.28,1271267.0,57.44
Meghalaya,31-05-2019,M,4.09,1347989.0,61.91
Meghalaya,30-06-2019,M,5.08,1256049.0,58.14
Meghalaya,31-07-2019,M,1.72,1442525.0,64.34
Meghalaya,31-08-2019,M,1.6,1325158.0,58.88
Meghalaya,30-09-2019,M,1.19,1416046.0,62.51
Meghalaya,31-10-2019,M,4.35,1314984.0,59.81
Meghalaya,30-11-2019,M,1.8,1499134.0,66.26
Meghalaya,31-12-2019,M,2.48,1370415.0,60.85
Meghalaya,31-01-2020,M,1.66,1491093.0,65.49
Meghalaya,29-02-2020,M,3.59,1346829.0,60.2
Meghalaya,31-03-2020,M,1.58,1482351.0,64.74
Meghalaya,30-04-2020,M,10.03,965057.0,45.99
Meghalaya,31-05-2020,M,5.92,1215064.0,55.24
Meghalaya,30-06-2020,M,1.15,1350794.0,58.31
Meghalaya,31-07-2020,M,2.1,1448106.0,62.96
Meghalaya,31-08-2020,M,3.74,1357643.0,59.88
Meghalaya,30-09-2020,M,4.29,1459726.0,64.6
Meghalaya,31-10-2020,M,4.6,1381490.0,61.18
Meghalaya,30-11-2020,M,1.12,1425271.0,60.75
Meghalaya,31-12-2020,M,6.58,1320920.0,59.45
Meghalaya,31-01-2021,M,3.28,1412004.0,61.23
Meghalaya,28-02-2021,M,3.83,1326534.0,57.72
Meghalaya,31-03-2021,M,1.31,1516752.0,64.15
Meghalaya,30-04-2021,M,1.44,1385061.0,58.52
Meghalaya,31-05-2021,M,6.49,1293466.0,57.46
Meghalaya,30-06-2021,M,2.84,1472538.0,62.8
Meghalaya,31-07-2021,M,0.39,1598729.0,66.34
Meghalaya,31-08-2021,M,0.58,1444334.0,59.9
Odisha,31-01-2016,M,7.06,15086246.0,49.41
Odisha,29-02-2016,M,10.45,13815790.0,46.89
Odisha,31-03-2016,M,12.64,15149389.0,52.62
Odisha,30-04-2016,M,8.67,13731170.0,45.55
Odisha,31-05-2016,M,7.85,14699097.0,48.25
Odisha,30-06-2016,M,10.6,13928832.0,47.05
Odisha,31-07-2016,M,9.03,14657563.0,48.57
Odisha,31-08-2016,M,10.27,13758709.0,46.15
Odisha,30-09-2016,M,4.75,14316551.0,45.16
Odisha,31-10-2016,M,4.08,13786830.0,43.12
Odisha,30-11-2016,M,4.94,14876909.0,46.87
Odisha,31-12-2016,M,6.75,13902370.0,44.58
Odisha,31-01-2017,M,4.72,13699079.0,42.92
Odisha,28-02-2017,M,3.26,13618942.0,41.96
Odisha,31-03-2017,M,1.56,14488426.0,43.8
Odisha,30-04-2017,M,3.01,13443698.0,41.18
Odisha,31-05-2017,M,6.81,13172723.0,41.93
Odisha,30-06-2017,M,3.4,14236759.0,43.64
Odisha,31-07-2017,M,3.29,14281925.0,43.66
Odisha,31-08-2017,M,3.39,13779654.0,42.1
Odisha,30-09-2017,M,4.51,13950476.0,43.05
Odisha,31-10-2017,M,9.37,14150962.0,45.93
Odisha,30-11-2017,M,1.98,14865796.0,44.54
Odisha,31-12-2017,M,2.94,13455378.0,40.65
Odisha,31-01-2018,M,5.59,13930924.0,43.2
Odisha,28-02-2018,M,6.9,14241803.0,44.72
Odisha,31-03-2018,M,7.61,13871369.0,43.82
Odisha,30-04-2018,M,7.97,13430847.0,42.52
Odisha,31-05-2018,M,8.18,13277964.0,42.06
Odisha,30-06-2018,M,6.37,14145627.0,43.87
Odisha,31-07-2018,M,5.59,14149366.0,43.45
Odisha,31-08-2018,M,6.69,13718395.0,42.56
Odisha,30-09-2018,M,5.63,13731085.0,42.05
Odisha,31-10-2018,M,5.16,12945817.0,39.38
Odisha,30-11-2018,M,3.45,14047116.0,41.91
Odisha,31-12-2018,M,5.0,13676011.0,41.4
Odisha,31-01-2019,M,4.18,13905907.0,41.66
Odisha,28-02-2019,M,6.56,13179143.0,40.43
Odisha,31-03-2019,M,2.82,14570943.0,42.91
Odisha,30-04-2019,M,6.38,13406282.0,40.92
Odisha,31-05-2019,M,3.95,13675335.0,40.61
Odisha,30-06-2019,M,4.35,13321447.0,39.66
Odisha,31-07-2019,M,3.05,14552118.0,42.68
Odisha,31-08-2019,M,3.65,14184642.0,41.79
Odisha,30-09-2019,M,4.22,13716469.0,40.58
Odisha,31-10-2019,M,4.32,14078381.0,41.63
Odisha,30-11-2019,M,4.29,14787087.0,43.64
Odisha,31-12-2019,M,4.44,13714119.0,40.47
Odisha,31-01-2020,M,1.9,13743448.0,39.44
Odisha,29-02-2020,M,3.12,14280735.0,41.44
Odisha,31-03-2020,M,13.08,12272109.0,39.62
Odisha,30-04-2020,M,23.76,6865693.0,25.23
Odisha,31-05-2020,M,11.41,11730937.0,37.04
Odisha,30-06-2020,M,3.77,12903993.0,37.45
Odisha,31-07-2020,M,1.88,13614400.0,38.69
Odisha,31-08-2020,M,1.42,14154039.0,39.96
Odisha,30-09-2020,M,2.1,13608422.0,38.63
Odisha,31-10-2020,M,2.18,14094553.0,39.98
Odisha,30-11-2020,M,1.7,14294301.0,40.28
Odisha,31-12-2020,M,0.16,14645274.0,40.57
Odisha,31-01-2021,M,2.97,13790183.0,39.24
Odisha,28-02-2021,M,2.46,14077007.0,39.79
Odisha,31-03-2021,M,1.56,14055367.0,39.29
Odisha,30-04-2021,M,1.88,14869145.0,41.64
Odisha,31-05-2021,M,7.02,12976729.0,38.29
Odisha,30-06-2021,M,3.65,13467650.0,38.28
Odisha,31-07-2021,M,1.08,14895116.0,41.17
Odisha,31-08-2021,M,2.17,14349717.0,40.04
Puducherry,31-01-2016,M,12.53,477055.0,49.91
Puducherry,29-02-2016,M,16.32,520965.0,56.84
Puducherry,31-03-2016,M,4.77,481553.0,46.05
Puducherry,30-04-2016,M,1.42,527271.0,48.59
Puducherry,31-05-2016,M,5.96,473039.0,45.59
Puducherry,30-06-2016,M,13.55,521557.0,54.54
Puducherry,31-07-2016,M,5.14,491214.0,46.7
Puducherry,31-08-2016,M,1.5,527781.0,48.2
Puducherry,30-09-2016,M,3.33,501535.0,46.56
Puducherry,31-10-2016,M,11.54,545364.0,55.19
Puducherry,30-11-2016,M,4.71,519621.0,48.7
Puducherry,31-12-2016,M,2.6,539462.0,49.34
Puducherry,31-01-2017,M,1.98,488026.0,44.24
Puducherry,28-02-2017,M,4.41,555435.0,51.51
Puducherry,31-03-2017,M,1.1,499616.0,44.68
Puducherry,30-04-2017,M,3.0,535669.0,48.72
Puducherry,31-05-2017,M,1.34,480371.0,42.85
Puducherry,30-06-2017,M,6.7,514593.0,48.42
Puducherry,31-07-2017,M,1.79,482802.0,43.05
Puducherry,31-08-2017,M,4.3,498514.0,45.5
Puducherry,30-09-2017,M,5.32,458240.0,42.18
Puducherry,31-10-2017,M,2.87,527479.0,47.2
Puducherry,30-11-2017,M,4.1,470843.0,42.57
Puducherry,31-12-2017,M,2.79,483833.0,43.05
Puducherry,31-01-2018,M,4.44,460214.0,41.56
Puducherry,28-02-2018,M,2.02,514606.0,45.21
Puducherry,31-03-2018,M,3.94,425864.0,38.07
Puducherry,30-04-2018,M,1.65,495707.0,43.18
Puducherry,31-05-2018,M,2.27,466126.0,40.75
Puducherry,30-06-2018,M,0.76,514995.0,44.23
Puducherry,31-07-2018,M,3.29,421274.0,37.04
Puducherry,31-08-2018,M,0.68,502845.0,42.94
Puducherry,30-09-2018,M,3.51,434151.0,38.07
Puducherry,31-10-2018,M,0.57,501412.0,42.56
Puducherry,30-11-2018,M,0.42,427563.0,36.15
Puducherry,31-12-2018,M,0.37,508041.0,42.83
Puducherry,31-01-2019,M,1.67,467102.0,39.79
Puducherry,28-02-2019,M,0.87,504674.0,42.55
Puducherry,31-03-2019,M,0.31,400011.0,33.45
Puducherry,30-04-2019,M,0.37,504548.0,42.12
Puducherry,31-05-2019,M,0.78,456379.0,38.16
Puducherry,30-06-2019,M,0.0,488896.0,40.46
Puducherry,31-07-2019,M,0.0,420344.0,34.7
Puducherry,31-08-2019,M,7.47,496812.0,44.21
Puducherry,30-09-2019,M,0.76,462290.0,38.26
Puducherry,31-10-2019,M,1.17,492832.0,40.86
Puducherry,30-11-2019,M,0.91,417790.0,34.46
Puducherry,31-12-2019,M,4.05,493943.0,41.97
Puducherry,31-01-2020,M,0.58,457950.0,37.46
Puducherry,29-02-2020,M,1.76,493961.0,40.8
Puducherry,31-03-2020,M,1.2,421028.0,34.49
Puducherry,30-04-2020,M,75.85,117542.0,39.3
Puducherry,31-05-2020,M,58.19,172308.0,33.19
Puducherry,30-06-2020,M,4.24,367135.0,30.8
Puducherry,31-07-2020,M,15.47,386563.0,36.64
Puducherry,31-08-2020,M,5.05,396006.0,33.34
Puducherry,30-09-2020,M,10.9,411717.0,36.84
Puducherry,31-10-2020,M,6.18,428419.0,36.32
Puducherry,30-11-2020,M,2.18,407505.0,33.05
Puducherry,31-12-2020,M,2.7,415410.0,33.79
Puducherry,31-01-2021,M,7.56,420079.0,35.87
Puducherry,28-02-2021,M,5.76,420318.0,35.13
Puducherry,31-03-2021,M,1.44,418321.0,33.34
Puducherry,30-04-2021,M,2.72,424356.0,34.19
Puducherry,31-05-2021,M,23.97,348683.0,35.85
Puducherry,30-06-2021,M,47.12,222864.0,32.86
Puducherry,31-07-2021,M,9.58,408760.0,35.16
Puducherry,31-08-2021,M,8.57,462760.0,39.27
Punjab,31-01-2016,M,7.66,9754023.0,46.27
Punjab,29-02-2016,M,12.38,9262659.0,46.23
Punjab,31-03-2016,M,8.32,9643108.0,45.92
Punjab,30-04-2016,M,7.28,9656125.0,45.38
Punjab,31-05-2016,M,5.07,10078832.0,46.19
Punjab,30-06-2016,M,10.58,9560266.0,46.43
Punjab,31-07-2016,M,6.29,10058453.0,46.53
Punjab,31-08-2016,M,6.68,9941356.0,46.1
Punjab,30-09-2016,M,4.81,10112534.0,45.89
Punjab,31-10-2016,M,11.09,9524845.0,46.2
Punjab,30-11-2016,M,4.87,10019825.0,45.35
Punjab,31-12-2016,M,6.07,9303829.0,42.57
Punjab,31-01-2017,M,5.62,9722154.0,44.19
Punjab,28-02-2017,M,7.99,9403160.0,43.77
Punjab,31-03-2017,M,2.62,10066784.0,44.2
Punjab,30-04-2017,M,1.83,9969161.0,43.35
Punjab,31-05-2017,M,5.45,9589951.0,43.22
Punjab,30-06-2017,M,8.89,9213845.0,43.02
Punjab,31-07-2017,M,4.68,10105217.0,45.02
Punjab,31-08-2017,M,2.48,10153038.0,44.13
Punjab,30-09-2017,M,4.02,9381025.0,41.36
Punjab,31-10-2017,M,7.82,9101741.0,41.71
Punjab,30-11-2017,M,9.15,9743608.0,45.22
Punjab,31-12-2017,M,6.78,9751980.0,44.04
Punjab,31-01-2018,M,6.69,9451517.0,42.56
Punjab,28-02-2018,M,9.64,9037017.0,41.96
Punjab,31-03-2018,M,9.01,9625563.0,44.3
Punjab,30-04-2018,M,7.16,9565632.0,43.08
Punjab,31-05-2018,M,7.26,9442801.0,42.5
Punjab,30-06-2018,M,8.29,9159458.0,41.61
Punjab,31-07-2018,M,8.44,9818753.0,44.6
Punjab,31-08-2018,M,5.37,9692368.0,42.52
Punjab,30-09-2018,M,9.83,9626059.0,44.24
Punjab,31-10-2018,M,11.68,9227814.0,43.23
Punjab,30-11-2018,M,8.56,9817265.0,44.34
Punjab,31-12-2018,M,5.83,9710595.0,42.52
Punjab,31-01-2019,M,10.47,9604005.0,44.15
Punjab,28-02-2019,M,12.39,9205076.0,43.18
Punjab,31-03-2019,M,9.8,9731044.0,44.25
Punjab,30-04-2019,M,7.51,9641918.0,42.69
Punjab,31-05-2019,M,10.73,9378466.0,42.94
Punjab,30-06-2019,M,12.55,9333034.0,43.55
Punjab,31-07-2019,M,10.36,9900571.0,44.99
Punjab,31-08-2019,M,8.68,9683288.0,43.12
Punjab,30-09-2019,M,11.29,9481369.0,43.39
Punjab,31-10-2019,M,12.97,9092358.0,42.33
Punjab,30-11-2019,M,8.29,9997265.0,44.1
Punjab,31-12-2019,M,8.36,9739995.0,42.92
Punjab,31-01-2020,M,11.11,9442093.0,42.82
Punjab,29-02-2020,M,10.97,9229047.0,41.72
Punjab,31-03-2020,M,10.32,9975485.0,44.69
Punjab,30-04-2020,M,2.86,7020565.0,28.99
Punjab,31-05-2020,M,28.33,6872938.0,38.39
Punjab,30-06-2020,M,16.55,8390766.0,40.18
Punjab,31-07-2020,M,9.19,9732417.0,42.76
Punjab,31-08-2020,M,10.99,9386169.0,41.99
Punjab,30-09-2020,M,9.61,8979999.0,39.5
Punjab,31-10-2020,M,9.83,8811756.0,38.78
Punjab,30-11-2020,M,7.64,9550215.0,40.96
Punjab,31-12-2020,M,4.37,9369173.0,38.75
Punjab,31-01-2021,M,8.09,9097268.0,39.07
Punjab,28-02-2021,M,7.21,9037550.0,38.39
Punjab,31-03-2021,M,7.35,9590215.0,40.73
Punjab,30-04-2021,M,5.33,9367881.0,38.87
Punjab,31-05-2021,M,8.84,8900420.0,38.28
Punjab,30-06-2021,M,8.27,9008366.0,38.44
Punjab,31-07-2021,M,6.93,9706975.0,40.75
Punjab,31-08-2021,M,6.05,9462403.0,39.28
Rajasthan,31-01-2016,M,6.72,19348695.0,40.49
Rajasthan,29-02-2016,M,3.82,19918070.0,40.34
Rajasthan,31-03-2016,M,7.56,18609185.0,39.12
Rajasthan,30-04-2016,M,11.45,18644477.0,40.82
Rajasthan,31-05-2016,M,8.82,18690639.0,39.65
Rajasthan,30-06-2016,M,7.16,19780871.0,41.12
Rajasthan,31-07-2016,M,6.36,17627470.0,36.24
Rajasthan,31-08-2016,M,5.55,19503415.0,39.66
Rajasthan,30-09-2016,M,4.17,20235485.0,40.47
Rajasthan,31-10-2016,M,3.91,20135234.0,40.06
Rajasthan,30-11-2016,M,4.97,17825134.0,35.78
Rajasthan,31-12-2016,M,7.77,18760518.0,38.71
Rajasthan,31-01-2017,M,5.18,19134010.0,38.31
Rajasthan,28-02-2017,M,3.73,20408833.0,40.17
Rajasthan,31-03-2017,M,2.79,20914052.0,40.67
Rajasthan,30-04-2017,M,4.95,20169763.0,40.02
Rajasthan,31-05-2017,M,2.73,19176736.0,37.09
Rajasthan,30-06-2017,M,4.4,20645461.0,40.54
Rajasthan,31-07-2017,M,1.72,19236798.0,36.66
Rajasthan,31-08-2017,M,6.5,19241686.0,38.45
Rajasthan,30-09-2017,M,1.59,20493578.0,38.82
Rajasthan,31-10-2017,M,3.56,19386262.0,37.38
Rajasthan,30-11-2017,M,7.78,20520622.0,41.29
Rajasthan,31-12-2017,M,4.7,19617961.0,38.11
Rajasthan,31-01-2018,M,6.41,19639483.0,38.76
Rajasthan,28-02-2018,M,6.65,19078450.0,37.67
Rajasthan,31-03-2018,M,13.2,19637012.0,41.6
Rajasthan,30-04-2018,M,7.4,19053973.0,37.75
Rajasthan,31-05-2018,M,5.36,20019460.0,38.71
Rajasthan,30-06-2018,M,10.08,19367639.0,39.33
Rajasthan,31-07-2018,M,9.49,19558725.0,39.36
Rajasthan,31-08-2018,M,9.75,19277283.0,38.82
Rajasthan,30-09-2018,M,7.58,19564512.0,38.39
Rajasthan,31-10-2018,M,13.63,19543972.0,40.94
Rajasthan,30-11-2018,M,12.51,19776255.0,40.8
Rajasthan,31-12-2018,M,14.87,19491220.0,41.23
Rajasthan,31-01-2019,M,7.67,19802750.0,38.53
Rajasthan,28-02-2019,M,10.58,20445986.0,40.99
Rajasthan,31-03-2019,M,9.71,19964844.0,39.54
Rajasthan,30-04-2019,M,12.58,20053759.0,40.93
Rajasthan,31-05-2019,M,6.63,20334436.0,38.77
Rajasthan,30-06-2019,M,13.88,19851738.0,40.94
Rajasthan,31-07-2019,M,10.23,20232340.0,39.94
Rajasthan,31-08-2019,M,13.08,20247209.0,41.18
Rajasthan,30-09-2019,M,7.52,20467523.0,39.03
Rajasthan,31-10-2019,M,14.24,20562884.0,42.19
Rajasthan,30-11-2019,M,11.49,20585267.0,40.83
Rajasthan,31-12-2019,M,15.01,20594797.0,42.44
Rajasthan,31-01-2020,M,10.97,20641716.0,40.51
Rajasthan,29-02-2020,M,15.16,20328915.0,41.77
Rajasthan,31-03-2020,M,11.9,20024680.0,39.54
Rajasthan,30-04-2020,M,17.7,15984142.0,33.71
Rajasthan,31-05-2020,M,15.74,19826602.0,40.74
Rajasthan,30-06-2020,M,14.39,20506612.0,41.38
Rajasthan,31-07-2020,M,15.81,19932393.0,40.8
Rajasthan,31-08-2020,M,17.51,20014060.0,41.71
Rajasthan,30-09-2020,M,15.35,20149594.0,40.83
Rajasthan,31-10-2020,M,24.1,19913403.0,44.9
Rajasthan,30-11-2020,M,18.52,20268396.0,42.47
Rajasthan,31-12-2020,M,28.23,19786545.0,46.96
Rajasthan,31-01-2021,M,17.69,21125626.0,43.62
Rajasthan,28-02-2021,M,25.63,20096427.0,45.83
Rajasthan,31-03-2021,M,19.74,20392741.0,42.99
Rajasthan,30-04-2021,M,28.04,19857143.0,46.58
Rajasthan,31-05-2021,M,27.64,18671874.0,43.45
Rajasthan,30-06-2021,M,26.27,20321049.0,46.31
Rajasthan,31-07-2021,M,21.06,20661802.0,43.88
Rajasthan,31-08-2021,M,26.69,20521536.0,46.81
Sikkim,30-09-2018,M,11.25,280884.0,58.62
Sikkim,31-10-2018,M,12.14,207652.0,43.66
Sikkim,30-11-2018,M,4.69,258027.0,49.87
Sikkim,31-01-2019,M,13.24,274484.0,57.97
Sikkim,28-02-2019,M,8.3,227220.0,45.28
Sikkim,31-03-2019,M,6.8,265777.0,51.97
Sikkim,30-04-2019,M,4.79,219201.0,41.85
Sikkim,31-05-2019,M,13.31,271818.0,56.83
Sikkim,30-06-2019,M,8.99,229429.0,45.56
Sikkim,31-07-2019,M,6.81,265454.0,51.34
Sikkim,31-08-2019,M,2.06,218190.0,40.04
Sikkim,30-09-2019,M,6.41,280086.0,53.64
Sikkim,31-10-2019,M,7.1,234662.0,45.14
Sikkim,30-11-2019,M,9.71,270177.0,53.33
Sikkim,31-12-2019,M,3.34,249682.0,45.9
Sikkim,31-03-2020,M,23.57,262895.0,60.59
Sikkim,30-04-2020,M,2.28,215303.0,38.7
Sikkim,31-05-2020,M,24.51,193427.0,44.88
Sikkim,30-06-2020,M,4.46,221058.0,40.4
Sikkim,31-07-2020,M,4.45,265175.0,48.32
Sikkim,31-08-2020,M,12.49,244462.0,48.49
Sikkim,30-09-2020,M,5.7,231798.0,42.54
Sikkim,31-10-2020,M,0.88,242068.0,42.13
Sikkim,30-11-2020,M,1.85,265087.0,46.46
Sikkim,31-12-2020,M,0.67,291263.0,50.29
Sikkim,31-01-2021,M,0.0,271163.0,46.35
Sikkim,28-02-2021,M,4.29,269144.0,47.94
Sikkim,31-03-2021,M,1.74,268111.0,46.37
Sikkim,30-04-2021,M,1.8,260191.0,44.89
Sikkim,31-05-2021,M,4.19,271870.0,47.92
Sikkim,30-06-2021,M,0.0,264393.0,44.51
Sikkim,31-07-2021,M,0.0,291920.0,48.99
Sikkim,31-08-2021,M,0.0,275861.0,46.14
Tamil Nadu,31-01-2016,M,7.59,30805567.0,55.23
Tamil Nadu,29-02-2016,M,4.41,31278490.0,54.13
Tamil Nadu,31-03-2016,M,11.6,30359801.0,56.73
Tamil Nadu,30-04-2016,M,9.77,30660799.0,56.04
Tamil Nadu,31-05-2016,M,9.11,30645647.0,55.52
Tamil Nadu,30-06-2016,M,6.79,30171453.0,53.22
Tamil Nadu,31-07-2016,M,8.53,30969081.0,55.57
Tamil Nadu,31-08-2016,M,10.93,31978443.0,58.84
Tamil Nadu,30-09-2016,M,18.4,30483125.0,61.13
Tamil Nadu,31-10-2016,M,10.65,30783285.0,56.28
Tamil Nadu,30-11-2016,M,6.0,30488813.0,52.91
Tamil Nadu,31-12-2016,M,7.09,31379847.0,55.0
Tamil Nadu,31-01-2017,M,12.55,30962576.0,57.57
Tamil Nadu,28-02-2017,M,7.63,30800814.0,54.14
Tamil Nadu,31-03-2017,M,4.18,30820227.0,52.14
Tamil Nadu,30-04-2017,M,5.69,30815482.0,52.88
Tamil Nadu,31-05-2017,M,3.67,30431940.0,51.05
Tamil Nadu,30-06-2017,M,2.68,30258932.0,50.16
Tamil Nadu,31-07-2017,M,3.18,30263412.0,50.35
Tamil Nadu,31-08-2017,M,2.81,29487963.0,48.8
Tamil Nadu,30-09-2017,M,3.08,30523117.0,50.57
Tamil Nadu,31-10-2017,M,3.85,30030092.0,50.07
Tamil Nadu,30-11-2017,M,3.0,30688529.0,50.64
Tamil Nadu,31-12-2017,M,2.94,30532083.0,50.27
Tamil Nadu,31-01-2018,M,2.4,30443984.0,49.77
Tamil Nadu,28-02-2018,M,2.55,29243004.0,47.81
Tamil Nadu,31-03-2018,M,3.03,29810179.0,48.9
Tamil Nadu,30-04-2018,M,1.87,30027606.0,48.6
Tamil Nadu,31-05-2018,M,2.08,30141678.0,48.81
Tamil Nadu,30-06-2018,M,1.51,29200317.0,46.94
Tamil Nadu,31-07-2018,M,2.56,29806640.0,48.35
Tamil Nadu,31-08-2018,M,1.6,29456524.0,47.24
Tamil Nadu,30-09-2018,M,1.8,28568698.0,45.84
Tamil Nadu,31-10-2018,M,1.1,28284400.0,44.99
Tamil Nadu,30-11-2018,M,3.02,29311576.0,47.48
Tamil Nadu,31-12-2018,M,2.07,28063954.0,44.94
Tamil Nadu,31-01-2019,M,2.25,27520190.0,44.08
Tamil Nadu,28-02-2019,M,1.91,27638278.0,44.05
Tamil Nadu,31-03-2019,M,1.72,28235810.0,44.84
Tamil Nadu,30-04-2019,M,1.23,27490694.0,43.38
Tamil Nadu,31-05-2019,M,0.94,27642770.0,43.42
Tamil Nadu,30-06-2019,M,1.19,28694054.0,45.12
Tamil Nadu,31-07-2019,M,4.83,28510351.0,46.47
Tamil Nadu,31-08-2019,M,5.8,28397017.0,46.69
Tamil Nadu,30-09-2019,M,1.8,26967205.0,42.46
Tamil Nadu,31-10-2019,M,1.31,27819597.0,43.52
Tamil Nadu,30-11-2019,M,2.54,27953384.0,44.21
Tamil Nadu,31-12-2019,M,5.7,27617321.0,45.07
Tamil Nadu,31-01-2020,M,1.57,26881641.0,41.96
Tamil Nadu,29-02-2020,M,2.09,27570589.0,43.2
Tamil Nadu,31-03-2020,M,6.4,26830768.0,43.91
Tamil Nadu,30-04-2020,M,49.83,9719167.0,29.63
Tamil Nadu,31-05-2020,M,33.16,11483256.0,26.23
Tamil Nadu,30-06-2020,M,12.2,19096847.0,33.16
Tamil Nadu,31-07-2020,M,6.81,24572827.0,40.13
Tamil Nadu,31-08-2020,M,2.65,27046415.0,42.22
Tamil Nadu,30-09-2020,M,5.0,23025845.0,36.77
Tamil Nadu,31-10-2020,M,2.16,23651626.0,36.62
Tamil Nadu,30-11-2020,M,1.15,24629525.0,37.68
Tamil Nadu,31-12-2020,M,0.53,25020860.0,37.98
Tamil Nadu,31-01-2021,M,3.99,22930424.0,36.0
Tamil Nadu,28-02-2021,M,4.79,23539357.0,37.22
Tamil Nadu,31-03-2021,M,3.02,24688097.0,38.26
Tamil Nadu,30-04-2021,M,2.34,24591402.0,37.78
Tamil Nadu,31-05-2021,M,27.97,14183803.0,29.5
Tamil Nadu,30-06-2021,M,8.3,19876121.0,32.42
Tamil Nadu,31-07-2021,M,4.78,24651814.0,38.66
Tamil Nadu,31-08-2021,M,6.27,23991586.0,38.16
Telangana,31-01-2016,M,7.36,17815321.0,66.91
Telangana,29-02-2016,M,4.67,16508460.0,60.14
Telangana,31-03-2016,M,4.76,15830168.0,57.62
Telangana,30-04-2016,M,6.49,17066847.0,63.15
Telangana,31-05-2016,M,6.3,16361651.0,60.31
Telangana,30-06-2016,M,8.53,13940938.0,52.54
Telangana,31-07-2016,M,4.64,14246163.0,51.4
Telangana,31-08-2016,M,4.1,17057209.0,61.08
Telangana,30-09-2016,M,3.69,15686245.0,55.83
Telangana,31-10-2016,M,7.48,15577069.0,57.61
Telangana,30-11-2016,M,4.83,16339639.0,58.63
Telangana,31-12-2016,M,4.6,17562401.0,62.75
Telangana,31-01-2017,M,5.23,14693047.0,52.75
Telangana,28-02-2017,M,14.47,14393489.0,57.15
Telangana,31-03-2017,M,5.38,17750002.0,63.59
Telangana,30-04-2017,M,2.59,16709603.0,58.04
Telangana,31-05-2017,M,3.38,14706639.0,51.4
Telangana,30-06-2017,M,12.94,14332462.0,55.5
Telangana,31-07-2017,M,4.71,15170845.0,53.56
Telangana,31-08-2017,M,1.98,16297243.0,55.83
Telangana,30-09-2017,M,2.42,14134302.0,48.55
Telangana,31-10-2017,M,4.05,14173236.0,49.42
Telangana,30-11-2017,M,2.83,17340383.0,59.59
Telangana,31-12-2017,M,2.74,17360562.0,59.49
Telangana,31-01-2018,M,4.0,14531233.0,50.35
Telangana,28-02-2018,M,3.43,15226578.0,52.36
Telangana,31-03-2018,M,3.62,15861778.0,54.55
Telangana,30-04-2018,M,1.97,14615094.0,49.33
Telangana,31-05-2018,M,0.97,14067425.0,46.91
Telangana,30-06-2018,M,1.19,15242436.0,50.85
Telangana,31-07-2018,M,0.75,16613504.0,55.07
Telangana,31-08-2018,M,0.49,15788971.0,52.1
Telangana,30-09-2018,M,0.44,16593024.0,54.63
Telangana,31-10-2018,M,0.94,14672276.0,48.45
Telangana,30-11-2018,M,0.52,16996261.0,55.79
Telangana,31-12-2018,M,0.94,15232136.0,50.11
Telangana,31-01-2019,M,2.61,16647293.0,55.6
Telangana,28-02-2019,M,2.38,15556530.0,51.74
Telangana,31-03-2019,M,2.48,16619084.0,55.23
Telangana,30-04-2019,M,2.66,15128939.0,50.28
Telangana,31-05-2019,M,1.99,16614003.0,54.73
Telangana,30-06-2019,M,4.41,16412169.0,55.34
Telangana,31-07-2019,M,2.86,16971193.0,56.2
Telangana,31-08-2019,M,2.37,16288655.0,53.56
Telangana,30-09-2019,M,4.82,17084091.0,57.52
Telangana,31-10-2019,M,7.11,16693687.0,57.48
Telangana,30-11-2019,M,6.07,16603948.0,56.44
Telangana,31-12-2019,M,2.3,16385834.0,53.44
Telangana,31-01-2020,M,5.49,17609295.0,59.25
Telangana,29-02-2020,M,8.29,16825970.0,58.24
Telangana,31-03-2020,M,5.77,17341613.0,58.31
Telangana,30-04-2020,M,6.25,12172230.0,41.06
Telangana,31-05-2020,M,14.7,14977774.0,55.43
Telangana,30-06-2020,M,10.55,15108910.0,53.22
Telangana,31-07-2020,M,5.36,15679417.0,52.1
Telangana,31-08-2020,M,5.79,18185429.0,60.59
Telangana,30-09-2020,M,3.27,16958984.0,54.93
Telangana,31-10-2020,M,2.93,17417825.0,56.11
Telangana,30-11-2020,M,1.56,17190976.0,54.51
Telangana,31-12-2020,M,7.05,13239092.0,44.37
Telangana,31-01-2021,M,4.26,16304175.0,52.95
Telangana,28-02-2021,M,5.58,16040348.0,52.73
Telangana,31-03-2021,M,3.67,16373619.0,52.65
Telangana,30-04-2021,M,5.05,14105009.0,45.94
Telangana,31-05-2021,M,7.2,16891260.0,56.18
Telangana,30-06-2021,M,4.78,15077504.0,48.78
Telangana,31-07-2021,M,4.01,16094158.0,51.55
Telangana,31-08-2021,M,4.66,16234011.0,52.25
Tripura,30-09-2017,M,19.41,1218132.0,49.47
Tripura,31-10-2017,M,8.51,1468082.0,52.43
Tripura,30-11-2017,M,8.35,1266700.0,45.08
Tripura,31-01-2018,M,31.11,1399231.0,66.0
Tripura,28-02-2018,M,30.23,1416297.0,65.85
Tripura,31-03-2018,M,15.19,1301630.0,49.7
Tripura,30-04-2018,M,13.55,1340371.0,50.12
Tripura,31-05-2018,M,23.68,1441375.0,60.94
Tripura,30-06-2018,M,22.13,1440654.0,59.58
Tripura,31-07-2018,M,17.86,1330820.0,52.09
Tripura,31-08-2018,M,27.43,1384626.0,61.23
Tripura,30-09-2018,M,39.1,1375891.0,72.36
Tripura,31-10-2018,M,32.43,1480505.0,70.05
Tripura,30-11-2018,M,32.34,1408467.0,66.44
Tripura,31-12-2018,M,27.34,1430316.0,62.71
Tripura,31-01-2019,M,32.63,1434823.0,67.72
Tripura,28-02-2019,M,26.16,1544426.0,66.4
Tripura,31-03-2019,M,22.98,1449641.0,59.64
Tripura,30-04-2019,M,25.43,1435520.0,60.89
Tripura,31-05-2019,M,30.94,1442676.0,65.95
Tripura,30-06-2019,M,26.36,1515751.0,64.87
Tripura,31-07-2019,M,23.44,1463180.0,60.12
Tripura,31-08-2019,M,27.86,1344478.0,58.52
Tripura,30-09-2019,M,31.23,1452452.0,66.2
Tripura,31-10-2019,M,27.31,1528572.0,65.79
Tripura,30-11-2019,M,25.8,1512333.0,63.65
Tripura,31-12-2019,M,28.59,1446305.0,63.14
Tripura,31-01-2020,M,32.67,1508130.0,69.69
Tripura,29-02-2020,M,28.4,1584686.0,68.74
Tripura,31-03-2020,M,29.95,1511217.0,66.89
Tripura,30-04-2020,M,41.23,971514.0,51.16
Tripura,31-05-2020,M,21.51,1290986.0,50.81
Tripura,30-06-2020,M,21.71,1494140.0,58.85
Tripura,31-07-2020,M,18.24,1348849.0,50.78
Tripura,31-08-2020,M,27.92,1318621.0,56.21
Tripura,30-09-2020,M,17.35,1368244.0,50.77
Tripura,31-10-2020,M,11.57,1576529.0,54.58
Tripura,30-11-2020,M,13.06,1454568.0,51.13
Tripura,31-12-2020,M,18.21,1389711.0,51.82
Tripura,31-01-2021,M,18.15,1395070.0,51.89
Tripura,28-02-2021,M,11.05,1629794.0,55.69
Tripura,31-03-2021,M,13.94,1493608.0,52.65
Tripura,30-04-2021,M,17.28,1436936.0,52.61
Tripura,31-05-2021,M,19.93,1350783.0,50.99
Tripura,30-06-2021,M,9.62,1651388.0,55.13
Tripura,31-07-2021,M,13.34,1577784.0,54.83
Tripura,31-08-2021,M,15.6,1497924.0,53.35
Uttar Pradesh,31-01-2016,M,14.91,55745996.0,44.88
Uttar Pradesh,29-02-2016,M,15.45,55421160.0,44.8
Uttar Pradesh,31-03-2016,M,14.39,56956539.0,45.37
Uttar Pradesh,30-04-2016,M,15.38,56075058.0,45.1
Uttar Pradesh,31-05-2016,M,16.42,57530487.0,46.74
Uttar Pradesh,30-06-2016,M,17.98,56695242.0,46.83
Uttar Pradesh,31-07-2016,M,14.22,56653902.0,44.65
Uttar Pradesh,31-08-2016,M,17.08,56479195.0,45.94
Uttar Pradesh,30-09-2016,M,10.13,60547730.0,45.34
Uttar Pradesh,31-10-2016,M,8.87,58878595.0,43.39
Uttar Pradesh,30-11-2016,M,6.64,55870756.0,40.1
Uttar Pradesh,31-12-2016,M,7.59,55423935.0,40.1
Uttar Pradesh,31-01-2017,M,3.71,57004034.0,39.49
Uttar Pradesh,28-02-2017,M,3.02,56657637.0,38.89
Uttar Pradesh,31-03-2017,M,2.43,55173498.0,37.56
Uttar Pradesh,30-04-2017,M,5.04,55104794.0,38.46
Uttar Pradesh,31-05-2017,M,2.84,55762962.0,37.96
Uttar Pradesh,30-06-2017,M,2.74,58190274.0,39.48
Uttar Pradesh,31-07-2017,M,2.06,56207063.0,37.79
Uttar Pradesh,31-08-2017,M,6.65,56156277.0,39.52
Uttar Pradesh,30-09-2017,M,3.66,56279964.0,38.29
Uttar Pradesh,31-10-2017,M,3.73,57974586.0,39.38
Uttar Pradesh,30-11-2017,M,2.49,56092981.0,37.54
Uttar Pradesh,31-12-2017,M,5.4,55321312.0,38.08
Uttar Pradesh,31-01-2018,M,4.03,56584288.0,38.3
Uttar Pradesh,28-02-2018,M,3.93,57593239.0,38.87
Uttar Pradesh,31-03-2018,M,3.14,56809415.0,37.94
Uttar Pradesh,30-04-2018,M,5.56,56525466.0,38.64
Uttar Pradesh,31-05-2018,M,5.21,56869822.0,38.64
Uttar Pradesh,30-06-2018,M,4.04,57795994.0,38.71
Uttar Pradesh,31-07-2018,M,4.63,56798203.0,38.19
Uttar Pradesh,31-08-2018,M,8.5,56361205.0,39.41
Uttar Pradesh,30-09-2018,M,7.88,56621023.0,39.24
Uttar Pradesh,31-10-2018,M,6.19,56735101.0,38.52
Uttar Pradesh,30-11-2018,M,6.98,56398508.0,38.54
Uttar Pradesh,31-12-2018,M,11.03,56170553.0,40.04
Uttar Pradesh,31-01-2019,M,9.59,56136714.0,39.29
Uttar Pradesh,28-02-2019,M,9.52,55641146.0,38.83
Uttar Pradesh,31-03-2019,M,8.87,57027803.0,39.43
Uttar Pradesh,30-04-2019,M,11.06,57829154.0,40.88
Uttar Pradesh,31-05-2019,M,11.28,56679062.0,40.07
Uttar Pradesh,30-06-2019,M,11.25,55900999.0,39.42
Uttar Pradesh,31-07-2019,M,9.84,56559433.0,39.18
Uttar Pradesh,31-08-2019,M,12.27,56878991.0,40.4
Uttar Pradesh,30-09-2019,M,8.11,57838879.0,39.14
Uttar Pradesh,31-10-2019,M,10.22,56771594.0,39.23
Uttar Pradesh,30-11-2019,M,8.05,57390420.0,38.64
Uttar Pradesh,31-12-2019,M,9.39,58497260.0,39.87
Uttar Pradesh,31-01-2020,M,7.58,59433759.0,39.63
Uttar Pradesh,29-02-2020,M,8.98,58060531.0,39.23
Uttar Pradesh,31-03-2020,M,10.11,56976338.0,38.89
Uttar Pradesh,30-04-2020,M,21.54,50915056.0,39.73
Uttar Pradesh,31-05-2020,M,20.41,49801902.0,38.22
Uttar Pradesh,30-06-2020,M,9.47,55380649.0,37.29
Uttar Pradesh,31-07-2020,M,5.56,56201654.0,36.19
Uttar Pradesh,31-08-2020,M,5.79,55831744.0,35.96
Uttar Pradesh,30-09-2020,M,4.18,56106836.0,35.45
Uttar Pradesh,31-10-2020,M,3.75,56539521.0,35.49
Uttar Pradesh,30-11-2020,M,5.16,56720101.0,36.05
Uttar Pradesh,31-12-2020,M,14.95,55796313.0,39.46
Uttar Pradesh,31-01-2021,M,4.89,55124290.0,34.78
Uttar Pradesh,28-02-2021,M,4.1,56568780.0,35.33
Uttar Pradesh,31-03-2021,M,4.14,55834036.0,34.8
Uttar Pradesh,30-04-2021,M,6.3,56962368.0,36.25
Uttar Pradesh,31-05-2021,M,6.89,55829255.0,35.67
Uttar Pradesh,30-06-2021,M,4.32,55933912.0,34.7
Uttar Pradesh,31-07-2021,M,4.95,55247629.0,34.43
Uttar Pradesh,31-08-2021,M,6.98,56472386.0,35.88
Uttarakhand,31-01-2016,M,1.31,4445674.0,57.37
Uttarakhand,29-02-2016,M,4.53,3639695.0,48.45
Uttarakhand,31-03-2016,M,2.42,2979208.0,38.72
Uttarakhand,30-04-2016,M,1.26,3983774.0,51.06
Uttarakhand,31-05-2016,M,1.08,4800244.0,61.28
Uttarakhand,30-06-2016,M,2.85,3465939.0,44.96
Uttarakhand,31-07-2016,M,0.7,3195012.0,40.46
Uttarakhand,31-08-2016,M,0.94,3471708.0,43.98
Uttarakhand,30-09-2016,M,1.57,3306285.0,42.06
Uttarakhand,31-10-2016,M,3.97,3211894.0,41.79
Uttarakhand,30-11-2016,M,0.12,2813932.0,35.13
Uttarakhand,31-12-2016,M,0.83,3432212.0,43.06
Uttarakhand,31-01-2017,M,0.55,3721353.0,46.46
Uttarakhand,28-02-2017,M,3.03,3300878.0,42.18
Uttarakhand,31-03-2017,M,0.28,3007019.0,37.28
Uttarakhand,30-04-2017,M,0.25,3203487.0,39.63
Uttarakhand,31-05-2017,M,0.14,3226954.0,39.79
Uttarakhand,30-06-2017,M,1.81,3099901.0,38.79
Uttarakhand,31-07-2017,M,0.28,2939428.0,36.14
Uttarakhand,31-08-2017,M,0.0,3220367.0,39.39
Uttarakhand,30-09-2017,M,0.27,3130806.0,38.32
Uttarakhand,31-10-2017,M,1.48,3010583.0,37.22
Uttarakhand,30-11-2017,M,3.86,2999276.0,37.92
Uttarakhand,31-12-2017,M,1.83,2809832.0,34.72
Uttarakhand,31-01-2018,M,0.87,2784116.0,33.99
Uttarakhand,28-02-2018,M,1.22,2984513.0,36.5
Uttarakhand,31-03-2018,M,2.41,3007174.0,37.14
Uttarakhand,30-04-2018,M,0.92,2775194.0,33.69
Uttarakhand,31-05-2018,M,1.0,2833419.0,34.35
Uttarakhand,30-06-2018,M,1.26,2901086.0,35.19
Uttarakhand,31-07-2018,M,2.33,2947761.0,36.07
Uttarakhand,31-08-2018,M,0.33,2734560.0,32.71
Uttarakhand,30-09-2018,M,2.36,2804291.0,34.17
Uttarakhand,31-10-2018,M,4.37,2852962.0,35.42
Uttarakhand,30-11-2018,M,4.06,2900676.0,35.82
Uttarakhand,31-12-2018,M,5.48,2775272.0,34.71
Uttarakhand,31-01-2019,M,3.53,2879018.0,35.21
Uttarakhand,28-02-2019,M,5.12,2852743.0,35.4
Uttarakhand,31-03-2019,M,5.0,2852673.0,35.28
Uttarakhand,30-04-2019,M,6.36,2732098.0,34.2
Uttarakhand,31-05-2019,M,3.58,2784842.0,33.78
Uttarakhand,30-06-2019,M,4.66,2928442.0,35.86
Uttarakhand,31-07-2019,M,6.1,2860425.0,35.48
Uttarakhand,31-08-2019,M,6.52,2735347.0,34.01
Uttarakhand,30-09-2019,M,5.07,2868994.0,35.05
Uttarakhand,31-10-2019,M,4.8,2952837.0,35.89
Uttarakhand,30-11-2019,M,5.8,2912016.0,35.7
Uttarakhand,31-12-2019,M,5.41,2792345.0,34.01
Uttarakhand,31-01-2020,M,5.49,2711639.0,32.99
Uttarakhand,29-02-2020,M,4.99,3020931.0,36.48
Uttarakhand,31-03-2020,M,19.85,2539302.0,36.27
Uttarakhand,30-04-2020,M,6.48,2720115.0,33.23
Uttarakhand,31-05-2020,M,8.01,2694072.0,33.38
Uttarakhand,30-06-2020,M,8.61,2656071.0,33.06
Uttarakhand,31-07-2020,M,12.38,2938552.0,38.07
Uttarakhand,31-08-2020,M,14.26,2717528.0,35.9
Uttarakhand,30-09-2020,M,22.26,2695230.0,39.18
Uttarakhand,31-10-2020,M,9.23,2739309.0,34.03
Uttarakhand,30-11-2020,M,1.47,2447664.0,27.95
Uttarakhand,31-12-2020,M,5.19,2647822.0,31.36
Uttarakhand,31-01-2021,M,4.45,2531098.0,29.68
Uttarakhand,28-02-2021,M,4.69,2775542.0,32.56
Uttarakhand,31-03-2021,M,3.26,2511431.0,28.96
Uttarakhand,30-04-2021,M,5.96,2852350.0,33.77
Uttarakhand,31-05-2021,M,5.49,2447140.0,28.76
Uttarakhand,30-06-2021,M,4.81,2822878.0,32.87
Uttarakhand,31-07-2021,M,3.17,2531701.0,28.92
Uttarakhand,31-08-2021,M,6.22,2774922.0,32.65
West Bengal,31-01-2016,M,9.04,31812990.0,47.11
West Bengal,29-02-2016,M,6.19,30811585.0,44.16
West Bengal,31-03-2016,M,8.24,31201247.0,45.64
West Bengal,30-04-2016,M,7.54,31812979.0,46.09
West Bengal,31-05-2016,M,6.6,32086784.0,45.93
West Bengal,30-06-2016,M,6.85,30067878.0,43.08
West Bengal,31-07-2016,M,7.99,31073305.0,44.98
West Bengal,31-08-2016,M,7.23,32623468.0,46.75
West Bengal,30-09-2016,M,7.73,33751829.0,48.54
West Bengal,31-10-2016,M,4.64,31877620.0,44.27
West Bengal,30-11-2016,M,7.26,31427741.0,44.8
West Bengal,31-12-2016,M,5.94,32473234.0,45.55
West Bengal,31-01-2017,M,6.6,32880205.0,46.36
West Bengal,28-02-2017,M,4.83,32158803.0,44.42
West Bengal,31-03-2017,M,6.59,31936698.0,44.86
West Bengal,30-04-2017,M,5.13,33365721.0,46.06
West Bengal,31-05-2017,M,5.96,33572499.0,46.66
West Bengal,30-06-2017,M,4.82,33083715.0,45.35
West Bengal,31-07-2017,M,6.31,32377573.0,45.0
West Bengal,31-08-2017,M,5.17,33438750.0,45.82
West Bengal,30-09-2017,M,7.46,32616700.0,45.72
West Bengal,31-10-2017,M,5.75,33910697.0,46.58
West Bengal,30-11-2017,M,5.94,33428349.0,45.92
West Bengal,31-12-2017,M,5.37,34617683.0,47.18
West Bengal,31-01-2018,M,8.63,32811721.0,46.23
West Bengal,28-02-2018,M,8.83,34163374.0,48.15
West Bengal,31-03-2018,M,7.92,33019745.0,45.99
West Bengal,30-04-2018,M,6.24,33967751.0,46.38
West Bengal,31-05-2018,M,7.37,33663732.0,46.43
West Bengal,30-06-2018,M,7.82,34147434.0,47.24
West Bengal,31-07-2018,M,6.43,34253459.0,46.6
West Bengal,31-08-2018,M,5.7,34492073.0,46.47
West Bengal,30-09-2018,M,7.14,33858370.0,46.24
West Bengal,31-10-2018,M,6.74,34891251.0,47.35
West Bengal,30-11-2018,M,6.15,34765004.0,46.79
West Bengal,31-12-2018,M,5.89,35003804.0,46.9
West Bengal,31-01-2019,M,6.95,34442774.0,46.58
West Bengal,28-02-2019,M,6.45,35325211.0,47.43
West Bengal,31-03-2019,M,6.1,35655928.0,47.61
West Bengal,30-04-2019,M,6.55,35642390.0,47.73
West Bengal,31-05-2019,M,6.43,34759070.0,46.4
West Bengal,30-06-2019,M,6.31,36154978.0,48.11
West Bengal,31-07-2019,M,6.32,35637632.0,47.34
West Bengal,31-08-2019,M,6.12,36381326.0,48.13
West Bengal,30-09-2019,M,6.41,35681623.0,47.26
West Bengal,31-10-2019,M,7.1,34916695.0,46.5
West Bengal,30-11-2019,M,6.06,36398814.0,47.85
West Bengal,31-12-2019,M,6.25,36241930.0,47.65
West Bengal,31-01-2020,M,6.94,35820789.0,47.35
West Bengal,29-02-2020,M,4.92,36964178.0,47.74
West Bengal,31-03-2020,M,6.92,35903917.0,47.27
West Bengal,30-04-2020,M,17.41,26938836.0,39.9
West Bengal,31-05-2020,M,17.41,28356675.0,41.92
West Bengal,30-06-2020,M,7.29,30726310.0,40.39
West Bengal,31-07-2020,M,6.83,35372506.0,46.17
West Bengal,31-08-2020,M,14.87,33298644.0,47.48
West Bengal,30-09-2020,M,9.31,35877583.0,47.93
West Bengal,31-10-2020,M,10.22,33856332.0,45.6
West Bengal,30-11-2020,M,11.24,33420675.0,45.45
West Bengal,31-12-2020,M,6.01,35829652.0,45.93
West Bengal,31-01-2021,M,5.25,36563881.0,46.4
West Bengal,28-02-2021,M,6.22,37127736.0,47.52
West Bengal,31-03-2021,M,7.51,35827410.0,46.41
West Bengal,30-04-2021,M,7.63,34849346.0,45.11
West Bengal,31-05-2021,M,19.34,28897052.0,42.75
West Bengal,30-06-2021,M,22.14,30440202.0,46.57
West Bengal,31-07-2021,M,7.37,35267884.0,45.26
West Bengal,31-08-2021,M,7.41,35376844.0,45.34
India,31-01-2016,M,8.72,408609380.0,47.7
India,29-02-2016,M,8.46,402169984.0,46.72
India,31-03-2016,M,8.73,397037060.0,46.18
India,30-04-2016,M,8.9,403488712.0,46.92
India,31-05-2016,M,9.65,414185605.0,48.47
India,30-06-2016,M,8.91,401597521.0,46.52
India,31-07-2016,M,8.51,399367855.0,45.97
India,31-08-2016,M,9.59,406539793.0,47.26
India,30-09-2016,M,8.43,418463537.0,47.94
India,31-10-2016,M,6.71,414260479.0,46.49
India,30-11-2016,M,6.51,401452641.0,44.87
India,31-12-2016,M,6.4,406231569.0,45.26
India,31-01-2017,M,5.93,409089180.0,45.26
India,28-02-2017,M,5.01,407510573.0,44.57
India,31-03-2017,M,4.67,405041471.0,44.05
India,30-04-2017,M,3.87,404907085.0,43.59
India,31-05-2017,M,4.03,405278054.0,43.61
India,30-06-2017,M,4.12,408560176.0,43.92
India,31-07-2017,M,3.37,402701002.0,42.87
India,31-08-2017,M,4.07,405548445.0,43.4
India,30-09-2017,M,4.63,405856846.0,43.61
India,31-10-2017,M,5.0,406599177.0,43.77
India,30-11-2017,M,4.72,409132411.0,43.83
India,31-12-2017,M,4.74,408355283.0,43.67
India,31-01-2018,M,5.01,405838316.0,43.43
India,28-02-2018,M,5.87,405980615.0,43.77
India,31-03-2018,M,6.0,402405346.0,43.35
India,30-04-2018,M,5.57,401930972.0,43.02
India,31-05-2018,M,5.14,401972361.0,42.75
India,30-06-2018,M,5.75,401484904.0,42.88
India,31-07-2018,M,5.66,401114819.0,42.72
India,31-08-2018,M,6.27,397988063.0,42.58
India,30-09-2018,M,6.47,403098663.0,43.13
India,31-10-2018,M,6.83,396084619.0,42.46
India,30-11-2018,M,6.65,401073049.0,42.83
India,31-12-2018,M,7.02,397460299.0,42.53
India,31-01-2019,M,6.86,406093726.0,43.29
India,28-02-2019,M,7.2,399913970.0,42.71
India,31-03-2019,M,6.65,402600865.0,42.66
India,30-04-2019,M,7.35,399248195.0,42.54
India,31-05-2019,M,7.03,403703192.0,42.78
India,30-06-2019,M,7.87,400337390.0,42.73
India,31-07-2019,M,7.34,403064278.0,42.69
India,31-08-2019,M,8.19,403245519.0,43.02
India,30-09-2019,M,7.14,406718757.0,42.81
India,31-10-2019,M,8.1,404124236.0,42.9
India,30-11-2019,M,7.23,403049912.0,42.3
India,31-12-2019,M,7.6,405647546.0,42.66
India,31-01-2020,M,7.22,410473913.0,42.9
India,29-02-2020,M,7.76,405954169.0,42.6
India,31-03-2020,M,8.75,395840756.0,41.9
India,30-04-2020,M,23.52,282203816.0,35.57
India,31-05-2020,M,21.73,313793837.0,38.57
India,30-06-2020,M,10.18,376993536.0,40.3
India,31-07-2020,M,7.4,392341064.0,40.61
India,31-08-2020,M,8.35,392520303.0,40.96
India,30-09-2020,M,6.68,397739844.0,40.68
India,31-10-2020,M,7.02,396450375.0,40.62
India,30-11-2020,M,6.5,394133855.0,40.08
India,31-12-2020,M,9.06,388777142.0,40.56
India,31-01-2021,M,6.52,400709258.0,40.59
India,28-02-2021,M,6.89,398213434.0,40.43
India,31-03-2021,M,6.5,398145073.0,40.17
India,30-04-2021,M,7.97,390790128.0,39.98
India,31-05-2021,M,11.84,375727008.0,40.04
India,30-06-2021,M,9.17,383469051.0,39.59
India,31-07-2021,M,6.96,399714145.0,40.21
India,31-08-2021,M,8.32,397784327.0,40.52
